id,option,device_id,created_at,voted_at
90fbc89b-95ed-479b-83f3-8d9103f06559,4,3afffbac-1d51-4e56-965b-1d6c9549100d,"2026-05-06 12:26:12.023052+00",
3f958e33-667d-4679-91fe-ea4b901f4b63,1,3afffbac-1d51-4e56-965b-1d6c9549100d,"2026-05-06 12:27:28.934427+00",
ddb1909a-0e62-4ff6-89ef-34530fbca828,1,3afffbac-1d51-4e56-965b-1d6c9549100d,"2026-05-06 12:28:32.811284+00",
9c099407-017c-4c76-ac55-d5d64b499d72,3,3afffbac-1d51-4e56-965b-1d6c9549100d,"2026-05-06 12:39:00.876561+00",
59d04e4b-50d5-4689-8552-c95ff2e51db0,2,3afffbac-1d51-4e56-965b-1d6c9549100d,"2026-05-06 12:40:35.494036+00",
908cbc9d-332f-4681-8656-e42430543d1e,2,f2b58c08-0243-4d20-a688-dae867c4e80e,"2026-05-06 12:54:17.689672+00",
c21634a4-f9b8-4f45-b482-3e5163380dc0,2,f2b58c08-0243-4d20-a688-dae867c4e80e,"2026-05-06 12:54:42.375935+00",
772bfb48-179c-4424-b7d3-707eac924e1b,2,f2b58c08-0243-4d20-a688-dae867c4e80e,"2026-05-06 13:00:58.149841+00",
7b5cd5b7-ac0d-4b8d-886e-793019e8386b,3,f2b58c08-0243-4d20-a688-dae867c4e80e,"2026-05-06 13:21:40.980573+00",
9c244605-bbc4-421d-a255-2b1df3ad19ae,1,f2b58c08-0243-4d20-a688-dae867c4e80e,"2026-05-06 13:22:46.805668+00",
98320158-4620-4373-a0a7-fad52bb986f4,3,9dc65d80-0236-499d-a617-ca32e11d9f76,"2026-05-06 13:35:49.316328+00",
14bf4eca-4cfc-4dcf-abd0-61f11769c974,2,7024c933-de2e-4db7-80bd-06af7064369f,"2026-05-06 13:36:44.24523+00",
eceea913-9d93-4c4a-ae6b-6936e2e20bb7,2,7024c933-de2e-4db7-80bd-06af7064369f,"2026-05-06 13:37:38.356+00",
6f52c626-1675-466d-a58d-6371eb92d5f3,4,7024c933-de2e-4db7-80bd-06af7064369f,"2026-05-06 13:38:00.271771+00",
01494ada-3e10-4607-b203-7855cdc6f87c,4,2608a7ae-b020-4eb7-a1ed-93f63c24eae1,"2026-05-06 13:38:46.002148+00",
e28906cc-6ed5-47f2-a500-9acf63f6da3e,3,2608a7ae-b020-4eb7-a1ed-93f63c24eae1,"2026-05-06 13:39:07.795627+00",
a28d1efd-aa78-4102-9ba5-d57645023143,2,9dc65d80-0236-499d-a617-ca32e11d9f76,"2026-05-06 13:55:49.429615+00",
372b3eab-c2fa-4e7e-8e26-fe6b51831b6e,3,9dc65d80-0236-499d-a617-ca32e11d9f76,"2026-05-06 15:35:23.293698+00",
a617266e-e740-495e-a01e-58a4f644e7eb,1,2608a7ae-b020-4eb7-a1ed-93f63c24eae1,"2026-05-06 15:43:11.688568+00",
c53be326-6203-4550-93f5-259fa58fd328,2,9dc65d80-0236-499d-a617-ca32e11d9f76,"2026-05-06 15:43:12.245417+00",
2bc5d590-202e-4713-bcff-eb74dcd680cd,4,2608a7ae-b020-4eb7-a1ed-93f63c24eae1,"2026-05-06 15:43:32.797366+00",
7806b8de-6db6-4bcd-b224-3f534b99d8b1,4,9dc65d80-0236-499d-a617-ca32e11d9f76,"2026-05-06 15:43:34.094321+00",
de362591-4d1f-4f7d-af2e-ff152bfae828,1,2608a7ae-b020-4eb7-a1ed-93f63c24eae1,"2026-05-06 15:43:54.888896+00",
725ab1e3-c7b0-47d3-9a57-511eb71cf7bd,1,9dc65d80-0236-499d-a617-ca32e11d9f76,"2026-05-06 15:43:56.487422+00",
ae352f76-a1bb-4a33-86a3-2f507bd421e1,1,2608a7ae-b020-4eb7-a1ed-93f63c24eae1,"2026-05-06 15:44:20.803226+00",
818bf641-08b9-4fa1-b1da-0b02b92f0718,2,9dc65d80-0236-499d-a617-ca32e11d9f76,"2026-05-06 15:44:23.119244+00",
002c566f-929c-42bb-85e4-b23a0f36d23d,4,2608a7ae-b020-4eb7-a1ed-93f63c24eae1,"2026-05-06 15:44:45.853471+00",
680afa7f-9009-4146-b53d-0421b0644e4e,2,9dc65d80-0236-499d-a617-ca32e11d9f76,"2026-05-06 15:44:48.833693+00",
1280cb0f-94b6-4b90-9437-b115391b2940,1,9dc65d80-0236-499d-a617-ca32e11d9f76,"2026-05-07 09:51:59.398038+00",
dd32820c-4fcb-4c7d-97ba-91d83e6592b2,1,020f3c24-3a9f-4b60-ac9c-09d08f28b2c9,"2026-05-11 15:15:13.907822+00",
8243bdad-d82f-4dd6-affb-bcd2c227f6fe,1,53ec18a9-7b8e-4b1c-8fae-e7fd0e588821,"2026-05-11 18:06:13.271703+00",
2c775041-a577-4fe1-99c2-2550b3247136,2,fbccb208-29f4-4730-aa54-8d18b22ae195,"2026-05-11 18:20:20.485177+00",
21a60c56-e923-4e49-9272-7d66b08d6466,1,53ec18a9-7b8e-4b1c-8fae-e7fd0e588821,"2026-05-11 18:21:57.665238+00",
ae2a684c-b346-4f1d-85d0-79e040dc7254,1,53ec18a9-7b8e-4b1c-8fae-e7fd0e588821,"2026-05-11 18:23:40.14271+00",
542fc2bd-adf4-4608-b0b7-b7dfd7a9534d,1,53ec18a9-7b8e-4b1c-8fae-e7fd0e588821,"2026-05-11 18:24:36.668186+00",
0aa72a4c-2acb-408a-a1dd-d2bc7d0516c1,1,fbccb208-29f4-4730-aa54-8d18b22ae195,"2026-05-11 18:26:39.448424+00",
4b67674d-9737-48a0-a2f2-29d99e16d611,1,fbccb208-29f4-4730-aa54-8d18b22ae195,"2026-05-11 18:27:02.439893+00",
3b00343a-9243-4e5a-b378-f1193ffeac4d,2,53ec18a9-7b8e-4b1c-8fae-e7fd0e588821,"2026-05-11 18:28:04.51817+00",
6e788041-7607-4d38-a15a-f79540852cb6,2,50ad1c79-800f-48e6-a5de-4d2129088133,"2026-05-11 18:29:46.439104+00",
73c55bf6-0b2e-4e64-a66f-bd65645ab27b,1,fbccb208-29f4-4730-aa54-8d18b22ae195,"2026-05-11 18:30:05.366278+00",
ec1a29d5-e5dc-4bd9-81f7-20bcd92a5bfe,2,7024c933-de2e-4db7-80bd-06af7064369f,"2026-05-11 19:06:52.138231+00",
d7dc9bf9-317c-496a-a03d-e76ebcd84f85,3,7024c933-de2e-4db7-80bd-06af7064369f,"2026-05-11 19:07:15.321952+00",
50414a41-e76d-4b9f-b1ff-981fa2b8d8da,2,50ad1c79-800f-48e6-a5de-4d2129088133,"2026-05-11 19:54:12.385784+00",
c817d4e0-03e9-43e5-8bf5-27e0d3c92312,2,50ad1c79-800f-48e6-a5de-4d2129088133,"2026-05-11 19:55:06.435947+00",
87a711e4-0894-4068-b9f7-bd2aba2b0ffe,1,50ad1c79-800f-48e6-a5de-4d2129088133,"2026-05-11 19:56:38.557169+00",
ef46b68a-5679-4118-9618-a47bdc6c7999,1,30e98319-20b2-438a-b6dd-03e09e2e2d3d,"2026-05-11 19:58:27.766225+00",
faee6417-b74d-4e06-b6d8-edf574734e98,2,50ad1c79-800f-48e6-a5de-4d2129088133,"2026-05-11 19:58:55.939702+00",
0e7be60a-60e9-4bf9-96b1-a6481b3cba73,2,50ad1c79-800f-48e6-a5de-4d2129088133,"2026-05-11 19:59:00.596567+00",
acd04377-8008-4e84-823c-72fa43cfaa34,1,30e98319-20b2-438a-b6dd-03e09e2e2d3d,"2026-05-11 20:00:35.042217+00",
34fa42bb-65fc-403b-9be7-2a6309cac5a3,2,50ad1c79-800f-48e6-a5de-4d2129088133,"2026-05-11 20:01:49.191028+00",
555b8921-f95d-43e8-af4d-be13e6ae0270,1,30e98319-20b2-438a-b6dd-03e09e2e2d3d,"2026-05-11 20:01:51.382604+00",
257cae32-0fa2-428e-8a44-967f502dab2f,2,50ad1c79-800f-48e6-a5de-4d2129088133,"2026-05-11 20:03:30.562247+00",
e5a9365e-b4d7-4c72-a328-66526b0db3ad,2,50ad1c79-800f-48e6-a5de-4d2129088133,"2026-05-11 20:03:59.680445+00",
9d07e659-ff86-49f2-96fb-a6ad13d9178d,2,50ad1c79-800f-48e6-a5de-4d2129088133,"2026-05-11 20:04:15.234139+00",
ee781449-960f-4126-98b2-fbd5d3d8b29d,2,50ad1c79-800f-48e6-a5de-4d2129088133,"2026-05-11 20:04:36.485793+00",
04374f12-69f1-4f56-845c-6b07cd963997,1,fbccb208-29f4-4730-aa54-8d18b22ae195,"2026-05-11 20:04:54.635026+00",
4bbcf255-eb26-4624-9677-45f20e4cb922,1,30e98319-20b2-438a-b6dd-03e09e2e2d3d,"2026-05-11 20:06:48.072834+00",
2e3ccf5d-1a32-4597-95c0-29ecdc280c60,3,fbccb208-29f4-4730-aa54-8d18b22ae195,"2026-05-11 20:07:14.564952+00",
51ee00c1-8564-4bb5-a8c4-eea2806ccda5,3,30e98319-20b2-438a-b6dd-03e09e2e2d3d,"2026-05-11 20:07:47.988719+00",
d2625152-ded5-423f-a9b2-a8914b471a09,4,30e98319-20b2-438a-b6dd-03e09e2e2d3d,"2026-05-11 20:07:50.872163+00",
fb5a3472-6779-43aa-89b5-b1f163a8e5f4,4,30e98319-20b2-438a-b6dd-03e09e2e2d3d,"2026-05-11 20:07:54.139245+00",
60994de5-5b76-411b-8b48-469aecf05b09,2,30e98319-20b2-438a-b6dd-03e09e2e2d3d,"2026-05-11 20:07:56.866195+00",
0dbc0438-3f45-47e5-8fb6-b93758ca385d,3,30e98319-20b2-438a-b6dd-03e09e2e2d3d,"2026-05-11 20:08:01.130804+00",
c176aa1b-1757-42b8-af39-a6a0adfcbb42,3,30e98319-20b2-438a-b6dd-03e09e2e2d3d,"2026-05-11 20:08:04.342831+00",
b2c38b5e-d302-41fc-803c-0ab69c76b5e9,3,30e98319-20b2-438a-b6dd-03e09e2e2d3d,"2026-05-11 20:08:07.098437+00",
ff1f707b-f0f0-43e0-b5f0-2e90676afcb9,1,30e98319-20b2-438a-b6dd-03e09e2e2d3d,"2026-05-11 20:10:00.320568+00",
8ef3ef66-f9a5-44b0-8861-10fb70911769,1,30e98319-20b2-438a-b6dd-03e09e2e2d3d,"2026-05-11 20:11:10.713471+00",
93ee561a-c676-4cd3-aa17-49273de6011e,2,fbccb208-29f4-4730-aa54-8d18b22ae195,"2026-05-11 20:12:45.749583+00",
47e99b91-8647-4c65-8c83-4878ccc4354e,2,fbccb208-29f4-4730-aa54-8d18b22ae195,"2026-05-11 20:12:58.078133+00",
f38e05a9-013d-4a40-bac7-a3cf1a6cbcc7,1,fbccb208-29f4-4730-aa54-8d18b22ae195,"2026-05-11 20:13:04.186046+00",
3f6bd1b3-e630-4dcc-85f5-94cab585364c,2,fbccb208-29f4-4730-aa54-8d18b22ae195,"2026-05-11 20:13:10.565318+00",
228424c9-78df-4272-8fe7-6385f0b3e012,2,fbccb208-29f4-4730-aa54-8d18b22ae195,"2026-05-11 20:13:13.820425+00",
109505a5-d799-4c4b-bfa9-80700f15f1aa,2,fbccb208-29f4-4730-aa54-8d18b22ae195,"2026-05-11 20:13:15.984057+00",
888b9679-a17f-43f5-a183-6d35a6c6aa8b,2,fbccb208-29f4-4730-aa54-8d18b22ae195,"2026-05-11 20:13:18.154143+00",
04bf7671-407b-4c70-9959-8ea477c3ec69,1,fbccb208-29f4-4730-aa54-8d18b22ae195,"2026-05-11 20:13:28.226502+00",
c22796ca-f2cf-4742-b8db-613f6fafe53f,2,fbccb208-29f4-4730-aa54-8d18b22ae195,"2026-05-11 20:14:02.315054+00",
f23fd4b9-4660-4a81-8604-feebf74e31e3,2,fbccb208-29f4-4730-aa54-8d18b22ae195,"2026-05-11 20:15:32.588281+00",
aced7f90-a09d-4477-99e5-6a89fa746413,3,020f3c24-3a9f-4b60-ac9c-09d08f28b2c9,"2026-05-13 08:50:21.5856+00",
b88b84ee-c479-4046-be15-0f5bd86edc14,1,5734b2ff-33e2-4751-b535-3cdd60543ba1,"2026-05-13 09:05:02.474006+00",
ff31e444-2604-44fd-b935-247b60b9059f,1,5734b2ff-33e2-4751-b535-3cdd60543ba1,"2026-05-13 09:05:08.186436+00",
97989846-0b75-4f1d-9001-5c7cb9de7368,1,5734b2ff-33e2-4751-b535-3cdd60543ba1,"2026-05-13 09:05:10.689147+00",
c48bfa78-7401-4a61-ae65-f393ecea01eb,4,5734b2ff-33e2-4751-b535-3cdd60543ba1,"2026-05-13 09:05:15.668171+00",
9a823cbb-b4b8-4b8b-82c5-1e47d08ba946,4,5734b2ff-33e2-4751-b535-3cdd60543ba1,"2026-05-13 09:05:18.437861+00",
d9e9bf93-68ae-4da7-879b-6b2f088b3d33,1,72ad7f34-7c39-4f98-8184-d59181cb7a8b,"2026-05-13 09:08:47.564208+00",
4e9be967-bb94-4c74-8fcc-2779faed74cb,4,72ad7f34-7c39-4f98-8184-d59181cb7a8b,"2026-05-13 09:08:55.417898+00",
cf065e1d-30cb-4c65-a412-ff4fa3243d55,1,5734b2ff-33e2-4751-b535-3cdd60543ba1,"2026-05-13 09:09:16.368382+00",
82753b7d-696c-415f-84b9-7861cc935535,3,5734b2ff-33e2-4751-b535-3cdd60543ba1,"2026-05-13 09:12:34.471831+00",
8c475c73-51c8-4b1e-b094-e050bf48640a,1,5734b2ff-33e2-4751-b535-3cdd60543ba1,"2026-05-13 09:14:22.781177+00",
8a7709d3-178f-4e88-873a-fe270777dfa9,1,0b6e4bc1-b87c-4712-b7fc-84794b67446b,"2026-05-13 09:25:20.879127+00",
f6e1b469-fa2c-4382-b9a5-21ef3fa9545c,1,dffccd06-8322-4e31-98f0-fe0194e01f7d,"2026-05-13 15:42:13.513452+00",
f3c6d318-4395-486c-b641-1364a996e92a,2,dffccd06-8322-4e31-98f0-fe0194e01f7d,"2026-05-13 15:42:18.765663+00",
eb35eae7-dbd8-4bdf-9059-45342eef122b,4,dffccd06-8322-4e31-98f0-fe0194e01f7d,"2026-05-13 15:42:25.018622+00",
86cf22e8-4148-4973-8c4b-080dd4a8cbbc,3,dffccd06-8322-4e31-98f0-fe0194e01f7d,"2026-05-13 15:42:31.381275+00",
e14d0083-9705-4886-8e50-6ec1cb71e4d2,3,dffccd06-8322-4e31-98f0-fe0194e01f7d,"2026-05-13 15:42:57.450131+00",
6c312815-ac7f-459d-bffc-490b997f237c,1,dffccd06-8322-4e31-98f0-fe0194e01f7d,"2026-05-13 15:46:23.520215+00",
abc34ae0-82bc-4c15-84b5-fad03d638ff2,2,dffccd06-8322-4e31-98f0-fe0194e01f7d,"2026-05-13 15:46:28.540367+00",
c83038bc-0829-44f9-af51-25eef7fac8e6,2,dffccd06-8322-4e31-98f0-fe0194e01f7d,"2026-05-13 15:46:46.367445+00",
61b25a5b-c9f8-4c81-bb85-46d047b8ded3,1,dffccd06-8322-4e31-98f0-fe0194e01f7d,"2026-05-13 15:47:12.995328+00",
80549c06-6518-47b2-adf6-7a82b756b239,2,dffccd06-8322-4e31-98f0-fe0194e01f7d,"2026-05-13 15:47:16.518218+00",
e47633fc-003a-4f21-97f3-68e3258db8d8,1,dffccd06-8322-4e31-98f0-fe0194e01f7d,"2026-05-13 15:47:39.351859+00",
aadc6fb3-6130-45d2-b495-215f76bfafa6,2,dffccd06-8322-4e31-98f0-fe0194e01f7d,"2026-05-13 15:47:39.564292+00",
6c81509e-b5e4-4c59-9561-04b68ae3417a,2,50ad1c79-800f-48e6-a5de-4d2129088133,"2026-05-13 17:32:25.034105+00",
1ee7680d-5593-4be0-83b9-2df12d18f412,3,50ad1c79-800f-48e6-a5de-4d2129088133,"2026-05-13 17:32:29.94951+00",
551fb9e3-bbd8-43c6-8f6f-3844b3ed0cd3,2,50ad1c79-800f-48e6-a5de-4d2129088133,"2026-05-13 17:33:02.105422+00",
00902b77-6ebd-44aa-b844-43af8b1d22f9,1,d7f48cfc-f6a7-47d2-935c-37bdb632ba9c,"2026-05-13 17:55:03.108676+00",
2ba4e448-e41c-430a-8493-62b261f52241,1,d7f48cfc-f6a7-47d2-935c-37bdb632ba9c,"2026-05-13 17:55:31.610811+00",
62640621-7bd1-491c-a318-cc7fa02dda8b,2,d7f48cfc-f6a7-47d2-935c-37bdb632ba9c,"2026-05-13 17:56:14.55557+00",
7c19e099-bd50-41a8-b548-3ebcce09b00c,4,d7f48cfc-f6a7-47d2-935c-37bdb632ba9c,"2026-05-13 17:56:14.730845+00",
b8a2c165-544b-4b49-9f70-1f0d1c3c4819,4,d7f48cfc-f6a7-47d2-935c-37bdb632ba9c,"2026-05-13 17:56:14.804961+00",
e697fcca-0696-4d0a-af4f-e457682d7813,4,d7f48cfc-f6a7-47d2-935c-37bdb632ba9c,"2026-05-13 17:56:14.844315+00",
62dbade3-bbf2-4065-aada-d96058630ddb,4,d7f48cfc-f6a7-47d2-935c-37bdb632ba9c,"2026-05-13 17:56:14.900342+00",
be4b8337-59b0-4e43-9a54-97d3c59ef0ef,4,d7f48cfc-f6a7-47d2-935c-37bdb632ba9c,"2026-05-13 17:56:14.951637+00",
73cf512e-37ad-475b-841e-74b29844ccf2,4,d7f48cfc-f6a7-47d2-935c-37bdb632ba9c,"2026-05-13 17:56:16.904571+00",
3b6d1a8b-4662-4a4f-ac5e-31eb049d1d9b,1,d7f48cfc-f6a7-47d2-935c-37bdb632ba9c,"2026-05-13 17:56:26.174845+00",
8967f158-bb22-4975-86a5-231651532302,1,50ad1c79-800f-48e6-a5de-4d2129088133,"2026-05-13 17:57:05.573955+00",
223765b8-0613-4a05-a874-15234bfc7687,2,50ad1c79-800f-48e6-a5de-4d2129088133,"2026-05-13 17:57:08.637577+00",
5ab988b4-3d07-4095-8b98-0b42a1a22601,2,50ad1c79-800f-48e6-a5de-4d2129088133,"2026-05-13 17:57:12.746129+00",
ddcaa410-c065-43ba-ae38-b3eaf471c2e9,2,50ad1c79-800f-48e6-a5de-4d2129088133,"2026-05-13 17:57:15.896499+00",
2fc7d3a6-3284-468a-a96d-57e7586b6dd3,4,50ad1c79-800f-48e6-a5de-4d2129088133,"2026-05-13 17:57:19.439871+00",
470551f6-90a7-4cac-9ac1-52059d09e8c2,2,50ad1c79-800f-48e6-a5de-4d2129088133,"2026-05-13 17:57:23.231844+00",
c775842b-3ae8-4f99-afa8-ea0908254c62,2,50ad1c79-800f-48e6-a5de-4d2129088133,"2026-05-13 17:57:26.668931+00",
4e405b7d-868d-4784-a839-ab2044372701,2,50ad1c79-800f-48e6-a5de-4d2129088133,"2026-05-13 17:57:31.174179+00",
388f028c-e3e7-4512-a96e-e9f921b08278,2,50ad1c79-800f-48e6-a5de-4d2129088133,"2026-05-13 17:57:35.136387+00",
44b539c8-7bb9-43bb-b4cb-37d58f71cb11,2,d7f48cfc-f6a7-47d2-935c-37bdb632ba9c,"2026-05-13 18:01:36.699585+00",
2301220c-0903-4e3d-a740-d258c45b3dad,1,d7f48cfc-f6a7-47d2-935c-37bdb632ba9c,"2026-05-13 18:04:35.84256+00",
c07db2ca-f82c-454c-83dd-5d7161f2c48f,3,d7f48cfc-f6a7-47d2-935c-37bdb632ba9c,"2026-05-13 18:04:56.881219+00",
edcd68a2-32b6-4a2b-b4e4-9ae49d6c2663,4,d7f48cfc-f6a7-47d2-935c-37bdb632ba9c,"2026-05-13 18:04:59.763138+00",
cbd8a48d-de45-426d-8be4-22aaeef07fad,1,d7f48cfc-f6a7-47d2-935c-37bdb632ba9c,"2026-05-13 18:05:02.767976+00",
1403f687-3ca4-43a8-9162-d7d5d1a6ecb8,1,d7f48cfc-f6a7-47d2-935c-37bdb632ba9c,"2026-05-13 18:08:16.221496+00",
55272329-a225-4d56-9086-e86a56d19719,2,d7f48cfc-f6a7-47d2-935c-37bdb632ba9c,"2026-05-13 18:10:05.394423+00",
0613c8f5-af15-4502-b4b8-b8f25256f368,1,d7f48cfc-f6a7-47d2-935c-37bdb632ba9c,"2026-05-13 18:10:05.551822+00",
abaf0d57-2369-468b-9419-1f46ed952bbf,2,d7f48cfc-f6a7-47d2-935c-37bdb632ba9c,"2026-05-13 18:10:05.742452+00",
100fe793-f293-49bb-bbc4-0811bf04ed7a,2,d7f48cfc-f6a7-47d2-935c-37bdb632ba9c,"2026-05-13 18:10:05.874174+00",
377c4855-e46b-47ac-9515-c41fcd2b1e87,2,d7f48cfc-f6a7-47d2-935c-37bdb632ba9c,"2026-05-13 18:10:05.916264+00",
30dc4328-5a2c-4038-a4ee-c82032a9aa2d,2,d7f48cfc-f6a7-47d2-935c-37bdb632ba9c,"2026-05-13 18:10:05.960631+00",
8d2a8710-a737-47eb-b203-7b02356cfd4d,2,d7f48cfc-f6a7-47d2-935c-37bdb632ba9c,"2026-05-13 18:10:06.002123+00",
5101043b-e0fb-43dd-bef6-9e15dccb86ac,1,d7f48cfc-f6a7-47d2-935c-37bdb632ba9c,"2026-05-13 18:15:54.620185+00",
8d0ff18d-0a64-4b52-a757-0cf1f3f2d9ee,1,d7f48cfc-f6a7-47d2-935c-37bdb632ba9c,"2026-05-13 18:17:30.558417+00",
76f52aa1-3eb8-48c8-b01b-b43c1a099d2d,3,d7f48cfc-f6a7-47d2-935c-37bdb632ba9c,"2026-05-13 18:17:45.324769+00",
b2730c63-456d-42e7-b0ac-14595a3d5715,1,d7f48cfc-f6a7-47d2-935c-37bdb632ba9c,"2026-05-13 18:19:29.296067+00",
81704a26-33c0-40dd-93b3-2a5b4649b828,1,d7f48cfc-f6a7-47d2-935c-37bdb632ba9c,"2026-05-13 18:26:08.264224+00",
b0d0fa27-0ca3-4c8d-a587-0630b558d45a,2,d7f48cfc-f6a7-47d2-935c-37bdb632ba9c,"2026-05-13 18:28:47.669307+00",
54a36b0a-dfed-4398-b24f-abcae572ccad,1,fbccb208-29f4-4730-aa54-8d18b22ae195,"2026-05-13 18:31:22.552758+00",
b52c8eb8-9d11-42df-9d19-cb97d4776515,4,fbccb208-29f4-4730-aa54-8d18b22ae195,"2026-05-13 18:31:28.214378+00",
8c72d267-043f-4b4e-8abd-9b7073073d44,1,d7f48cfc-f6a7-47d2-935c-37bdb632ba9c,"2026-05-13 18:35:57.835134+00",
9960535d-881e-41f3-a8f5-2a58283a84de,1,d7f48cfc-f6a7-47d2-935c-37bdb632ba9c,"2026-05-13 18:36:43.137409+00",
7324deaa-d6ed-4137-9758-555462d11881,2,d7f48cfc-f6a7-47d2-935c-37bdb632ba9c,"2026-05-13 18:44:21.891475+00",
e3595683-6aa2-4734-a3d7-d2630376a12e,1,d7f48cfc-f6a7-47d2-935c-37bdb632ba9c,"2026-05-13 18:48:25.956835+00",
c4982a17-134e-4d40-ad5a-b0dab624920c,2,d7f48cfc-f6a7-47d2-935c-37bdb632ba9c,"2026-05-13 18:48:30.333933+00",
3292516d-5244-4376-aa95-11897001b8e6,2,d7f48cfc-f6a7-47d2-935c-37bdb632ba9c,"2026-05-13 18:48:38.309647+00",
d554c1dc-e192-41b3-872c-9b167bbf4bd5,1,54c03780-9318-4fe6-9194-5223d4823fac,"2026-05-13 19:44:14.759015+00",
3c68149a-81b3-4de5-9b6f-3f8b24f0e5e5,1,54c03780-9318-4fe6-9194-5223d4823fac,"2026-05-13 19:49:49.537353+00",
3c622d5a-ab42-4c34-8dfe-7131ae2518d0,1,54c03780-9318-4fe6-9194-5223d4823fac,"2026-05-13 20:02:26.808307+00",
12f4045c-44b5-484d-8e3b-3e394be29528,2,fbccb208-29f4-4730-aa54-8d18b22ae195,"2026-05-13 20:41:16.724085+00",
3a581050-d0ea-4dea-90e2-300b41ed81be,1,fbccb208-29f4-4730-aa54-8d18b22ae195,"2026-05-13 20:41:28.817162+00",
55d14cc5-0976-49c0-8917-c493b6fa15b2,2,fbccb208-29f4-4730-aa54-8d18b22ae195,"2026-05-13 20:41:34.596332+00",
9a7f78fb-a7b7-42bd-95f2-a9da3c202eb3,2,fbccb208-29f4-4730-aa54-8d18b22ae195,"2026-05-13 20:41:37.366792+00",
4b41cf6b-5ec1-46ad-944b-c410f873b0fe,2,fbccb208-29f4-4730-aa54-8d18b22ae195,"2026-05-13 20:41:39.456237+00",
13e15ca7-20eb-4f6e-bcbd-792a4ada0154,2,fbccb208-29f4-4730-aa54-8d18b22ae195,"2026-05-13 20:41:41.539525+00",
9fd76777-f7f2-4164-a530-39413a02b119,2,fbccb208-29f4-4730-aa54-8d18b22ae195,"2026-05-13 20:41:44.491616+00",
b51a8196-a8a0-4e5f-b967-b90e42a0347a,1,54c03780-9318-4fe6-9194-5223d4823fac,"2026-05-13 21:01:26.186147+00",
e8bf80ad-816c-436a-bb7b-9e6260f1920a,1,54c03780-9318-4fe6-9194-5223d4823fac,"2026-05-13 21:03:22.864316+00",
54c753a9-9c48-4f80-893c-4a631cf7dd26,4,54c03780-9318-4fe6-9194-5223d4823fac,"2026-05-13 21:03:32.366526+00",
873ebed7-df52-47d4-8d04-ebc60952c221,1,54c03780-9318-4fe6-9194-5223d4823fac,"2026-05-13 21:05:50.684883+00",
8de3f817-b95f-4709-af23-2f7e5f566cf9,4,54c03780-9318-4fe6-9194-5223d4823fac,"2026-05-13 21:18:32.117316+00",
4873dcb3-f39f-45db-9388-7cc93400ef63,2,54c03780-9318-4fe6-9194-5223d4823fac,"2026-05-13 21:21:37.272251+00",
42202cd3-eec3-4314-aeb7-6d01eb745b22,2,54c03780-9318-4fe6-9194-5223d4823fac,"2026-05-13 21:21:37.613992+00",
ee0b89f2-6dc5-4444-b12d-d87440440bb9,2,54c03780-9318-4fe6-9194-5223d4823fac,"2026-05-13 21:21:37.66967+00",
d4d8fbcf-cef2-4fd6-9bcf-2263d44c6cc8,1,fbccb208-29f4-4730-aa54-8d18b22ae195,"2026-05-13 21:33:11.494132+00",
4b717828-9344-428a-a167-0f5783841922,4,54c03780-9318-4fe6-9194-5223d4823fac,"2026-05-13 21:33:28.117084+00",
a903cea4-90fe-4917-8637-c166e4d66c06,2,fbccb208-29f4-4730-aa54-8d18b22ae195,"2026-05-13 21:33:37.921526+00",
fdef9fdc-9045-428c-b875-ac59942ea63a,3,fbccb208-29f4-4730-aa54-8d18b22ae195,"2026-05-13 21:33:46.501873+00",
888d0159-cf22-44b9-9f77-f5f75533df5b,1,54c03780-9318-4fe6-9194-5223d4823fac,"2026-05-13 21:38:58.452517+00",
8b78e9a4-0268-4ff5-9c0d-0782d79c3e8b,1,54c03780-9318-4fe6-9194-5223d4823fac,"2026-05-13 21:39:34.644585+00",
6f500d2b-93ae-4d4c-ba2a-e946e87ea960,2,54c03780-9318-4fe6-9194-5223d4823fac,"2026-05-13 21:40:07.29391+00",
20bf668c-b4d6-40bd-9920-62ad5ba1d45f,2,54c03780-9318-4fe6-9194-5223d4823fac,"2026-05-13 21:40:56.601012+00",
7c68c98b-1b4b-410b-83b9-30698de9b33e,2,54c03780-9318-4fe6-9194-5223d4823fac,"2026-05-13 21:40:56.763089+00",
a44c99c7-b2d9-4b0b-8c43-7cbdb6762327,2,54c03780-9318-4fe6-9194-5223d4823fac,"2026-05-13 21:41:01.14436+00",
7ea6324e-0af0-4526-9f18-9b460b505b6b,2,fbccb208-29f4-4730-aa54-8d18b22ae195,"2026-05-13 21:43:13.897803+00",
06edd6a9-3a65-4a06-9e09-5da12698b909,2,fbccb208-29f4-4730-aa54-8d18b22ae195,"2026-05-13 21:43:14.015377+00",
5830871f-a7ef-4d12-9cff-29e73d0dbd53,2,fbccb208-29f4-4730-aa54-8d18b22ae195,"2026-05-13 21:43:52.588829+00",
3482f398-2923-4905-bd07-a2f338eacafa,2,fbccb208-29f4-4730-aa54-8d18b22ae195,"2026-05-13 21:43:52.749812+00",
204b6065-6282-4b10-a415-6763b581d485,2,54c03780-9318-4fe6-9194-5223d4823fac,"2026-05-13 21:45:06.607057+00",
bd38990f-bbd6-452a-8a9e-38901c8de611,2,fbccb208-29f4-4730-aa54-8d18b22ae195,"2026-05-13 21:45:07.846199+00",
f6b5b59d-29ff-462b-8da3-6005b3e6a9b7,2,fbccb208-29f4-4730-aa54-8d18b22ae195,"2026-05-13 21:45:07.986479+00",
579170a2-0d5d-4bdc-8102-9f90e280c6e1,2,9dc65d80-0236-499d-a617-ca32e11d9f76,"2026-05-15 08:37:27.095609+00",
96db17e4-1d4a-46b3-8535-ede61117cb92,2,9dc65d80-0236-499d-a617-ca32e11d9f76,"2026-05-15 08:39:04.365388+00",
6f766c8d-5d79-4331-ba1b-822c14ab31d5,2,9dc65d80-0236-499d-a617-ca32e11d9f76,"2026-05-15 08:39:26.755057+00",
30780206-716a-413d-8ff2-0dfb2daf056b,2,9dc65d80-0236-499d-a617-ca32e11d9f76,"2026-05-15 08:39:34.607767+00",
7f9198aa-be39-40e4-90e0-b7b5217a535a,2,9dc65d80-0236-499d-a617-ca32e11d9f76,"2026-05-15 08:40:26.393819+00",
75f19daf-c95d-446a-b47a-07c0333af39a,2,42096183-f4da-44d0-8bcf-212919525a36,"2026-05-15 12:25:00.808302+00",
308f3ec7-a8f7-471c-a514-eb6594d38d5f,2,42096183-f4da-44d0-8bcf-212919525a36,"2026-05-15 12:28:14.376604+00",
219d4184-ef36-471c-9469-3118df6ec784,2,42096183-f4da-44d0-8bcf-212919525a36,"2026-05-15 12:45:23.706132+00",
5c82ac00-9fce-4ff5-b97a-b640935a684c,2,42096183-f4da-44d0-8bcf-212919525a36,"2026-05-15 12:46:04.874685+00",
ebdd254d-7944-4ea7-aba6-27a8070a219b,2,42096183-f4da-44d0-8bcf-212919525a36,"2026-05-15 12:46:19.046437+00",
4073164f-cfb9-4209-b42d-a9e34028cb98,2,42096183-f4da-44d0-8bcf-212919525a36,"2026-05-15 12:46:47.17355+00",
da84e687-6fe7-417c-a941-b44611122d09,2,42096183-f4da-44d0-8bcf-212919525a36,"2026-05-15 12:57:09.711463+00",
f220b2d6-8685-4b00-986c-72abb7cace8c,2,42096183-f4da-44d0-8bcf-212919525a36,"2026-05-15 12:57:16.221467+00",
0953b062-8f08-4604-b131-f146c5bbf6ef,2,42096183-f4da-44d0-8bcf-212919525a36,"2026-05-15 12:58:20.607317+00",
f0a2c6c3-dd6c-4d63-8e88-2380164100f9,2,42096183-f4da-44d0-8bcf-212919525a36,"2026-05-15 12:58:20.935801+00",
ca43f9e0-70c9-47bc-a5a8-da6dbeb5ce36,2,42096183-f4da-44d0-8bcf-212919525a36,"2026-05-15 12:58:21.014364+00",
b84c40d7-5f64-4715-a92d-96ad43e90229,2,test-debug,"2026-05-21 09:35:31.208608+00",
10778594-d619-4fee-a545-8a56c71a353a,2,f2b58c08-0243-4d20-a688-dae867c4e80e,"2026-05-21 09:37:05.931357+00",
05b595e3-c11a-4a34-8563-f855fafc5048,2,f2b58c08-0243-4d20-a688-dae867c4e80e,"2026-05-21 09:37:23.312477+00",
27a1ea87-6cce-4b8d-b5bf-0e23729ad0ac,2,0b1b988b-63ee-49d9-995e-7ed9f74988c2,"2026-05-21 09:40:27.565236+00",
6cf7b542-1427-4d22-8d4d-bb9cb21dd4a5,2,0b1b988b-63ee-49d9-995e-7ed9f74988c2,"2026-05-21 09:41:03.88743+00",
09761e07-954d-45ec-bf0b-b36af668e9a1,2,0b1b988b-63ee-49d9-995e-7ed9f74988c2,"2026-05-21 09:41:42.526621+00",
154eb64e-8f33-45c8-ae24-8ee397a9a145,2,0b1b988b-63ee-49d9-995e-7ed9f74988c2,"2026-05-21 09:42:19.787496+00",
947887b7-b856-43fd-9ece-7cbafc7d5a24,1,0b1b988b-63ee-49d9-995e-7ed9f74988c2,"2026-05-21 09:43:34.516012+00",
795e8992-d4fc-4827-aacc-dacaf58611f3,4,0b1b988b-63ee-49d9-995e-7ed9f74988c2,"2026-05-21 09:46:53.803661+00",
481f5aa0-20a6-493f-8a81-f28e950c0867,2,0b1b988b-63ee-49d9-995e-7ed9f74988c2,"2026-05-21 09:48:32.693121+00",
4901b71c-007b-4659-9aba-ecc2b26fe0e9,2,27dbdc67-406e-46ad-bc35-e6f765ff58d7,"2026-05-21 09:51:36.03878+00",
9135d79e-0447-476a-992e-a0e2b9d812e2,2,27dbdc67-406e-46ad-bc35-e6f765ff58d7,"2026-05-21 09:52:39.415019+00",
5c13a605-6def-43d8-a44a-9cba97e3d573,2,27dbdc67-406e-46ad-bc35-e6f765ff58d7,"2026-05-21 09:54:49.533036+00",
d1593863-fff1-4e1d-b9f3-d7bfd8eab6f7,2,27dbdc67-406e-46ad-bc35-e6f765ff58d7,"2026-05-21 10:11:07.131366+00",
3a766813-0882-4761-b644-c0e4fb0ab3a0,2,42096183-f4da-44d0-8bcf-212919525a36,"2026-05-21 11:00:05.121941+00",
2f04cca2-cf56-4052-afe6-4ed9bc2636d8,2,42096183-f4da-44d0-8bcf-212919525a36,"2026-05-21 11:00:21.308624+00",
7a9a908f-f71e-4822-82bf-2c7c25926b4d,2,42096183-f4da-44d0-8bcf-212919525a36,"2026-05-21 11:00:36.550061+00",
476ce80f-2307-4200-9e82-9d312d485ea6,2,42096183-f4da-44d0-8bcf-212919525a36,"2026-05-21 11:00:54.027635+00",
d72f1eb6-100e-4f2e-8752-aa355e9ce8b9,2,42096183-f4da-44d0-8bcf-212919525a36,"2026-05-21 11:01:11.3263+00",
1e0b1d0b-28be-4b4d-8efc-f4d24b94af60,2,42096183-f4da-44d0-8bcf-212919525a36,"2026-05-21 11:01:28.014419+00",
812e0a15-c5aa-4198-84c2-3d28058ab919,2,42096183-f4da-44d0-8bcf-212919525a36,"2026-05-21 11:01:43.15173+00",
563db424-9746-4761-9a7c-cb6adf46696d,2,42096183-f4da-44d0-8bcf-212919525a36,"2026-05-21 11:01:43.171594+00",
146e008e-646e-4b09-b6c9-2b6c97c57443,2,42096183-f4da-44d0-8bcf-212919525a36,"2026-05-21 11:01:58.277306+00",
a312c71a-77a8-4445-bff8-ff59a842d029,2,42096183-f4da-44d0-8bcf-212919525a36,"2026-05-21 11:02:14.643268+00",
8b6d5fe3-1d87-4a68-b209-34879934de9a,2,42096183-f4da-44d0-8bcf-212919525a36,"2026-05-21 11:03:09.016144+00",
f5855728-24f3-4bb6-9c57-e0cdd25af8ec,2,42096183-f4da-44d0-8bcf-212919525a36,"2026-05-21 11:03:24.428471+00",
2496596e-db6a-496e-aa6b-91e4b036ba0e,2,42096183-f4da-44d0-8bcf-212919525a36,"2026-05-21 11:03:39.671363+00",
e443c4b5-8b30-4e60-b33d-173c8cb0e935,2,42096183-f4da-44d0-8bcf-212919525a36,"2026-05-21 11:03:55.151194+00",
f86ecc42-7bfe-4f35-843f-3af5de67cdff,2,42096183-f4da-44d0-8bcf-212919525a36,"2026-05-21 11:04:10.293829+00",
dc1b998b-cc85-4b32-a645-3b3368d58528,2,42096183-f4da-44d0-8bcf-212919525a36,"2026-05-21 11:04:10.299192+00",
454a17fd-40dd-41b3-8662-1da55654bb68,1,42096183-f4da-44d0-8bcf-212919525a36,"2026-05-21 11:04:26.336419+00",
d2a154c4-1eec-4a5f-8410-d1cf7b0a6627,3,42096183-f4da-44d0-8bcf-212919525a36,"2026-05-21 11:04:41.670524+00",
d04e2fd2-5e10-44f4-ba20-dccfe25b9301,1,7024c933-de2e-4db7-80bd-06af7064369f,"2026-05-21 11:04:53.406349+00",
ef128d25-7314-4f08-a2b0-bc2e8ed6437d,2,42096183-f4da-44d0-8bcf-212919525a36,"2026-05-21 11:04:57.420945+00",
f263fd84-5ab7-4471-90a8-6b7b30a0b3f8,1,7024c933-de2e-4db7-80bd-06af7064369f,"2026-05-21 11:05:08.984873+00",
434b69c6-1865-4251-a8c3-a86f5df1361f,4,42096183-f4da-44d0-8bcf-212919525a36,"2026-05-21 11:05:12.643097+00",
df8aa03d-7be6-4d97-97a8-dba5563742a1,3,7024c933-de2e-4db7-80bd-06af7064369f,"2026-05-21 11:05:25.797621+00",
9d6c08ee-7681-43c2-9f51-b9568c40536e,2,42096183-f4da-44d0-8bcf-212919525a36,"2026-05-21 11:05:27.79188+00",
c99ed31a-4fde-4c76-bd75-b6a4362ffdf0,3,7024c933-de2e-4db7-80bd-06af7064369f,"2026-05-21 11:05:41.537963+00",
9a7ed185-27f3-4655-b993-6664d981b10e,2,42096183-f4da-44d0-8bcf-212919525a36,"2026-05-21 11:05:42.920934+00",
6e4c08f7-7781-4be1-848a-6bddc57bd1e8,1,7024c933-de2e-4db7-80bd-06af7064369f,"2026-05-21 11:05:57.432026+00",
a519eb46-65b8-4a14-815d-85f89d764e6b,2,42096183-f4da-44d0-8bcf-212919525a36,"2026-05-21 11:05:58.427004+00",
a4349fbb-429d-4fdd-bd07-9d4a502dede7,1,42096183-f4da-44d0-8bcf-212919525a36,"2026-05-21 11:06:13.616801+00",
8a9a6ddb-6cea-41e1-8da9-157a0714864b,1,27dbdc67-406e-46ad-bc35-e6f765ff58d7,"2026-05-21 11:10:25.173402+00",
26aec8b4-2025-4f10-b71c-b7bdff349ab2,2,27dbdc67-406e-46ad-bc35-e6f765ff58d7,"2026-05-21 11:21:04.0203+00",
dd36fb10-a092-4049-9a7f-7d56cd32e507,4,27dbdc67-406e-46ad-bc35-e6f765ff58d7,"2026-05-21 11:23:20.760978+00",
cb6125ec-222d-4e93-9d5f-47fce8f487f9,2,27dbdc67-406e-46ad-bc35-e6f765ff58d7,"2026-05-21 11:24:41.765135+00",
ccd09f22-bc22-4150-a167-34d70501e044,4,27dbdc67-406e-46ad-bc35-e6f765ff58d7,"2026-05-21 11:25:05.501156+00",
8325aa28-5bea-4b17-a742-7ac8b2899d19,2,27dbdc67-406e-46ad-bc35-e6f765ff58d7-717b0402,"2026-05-21 12:27:42.638161+00",
35033148-3e0f-4c3a-8f9e-75ca716dadce,2,42096183-f4da-44d0-8bcf-212919525a36-717b0402,"2026-05-21 12:28:13.946978+00",
0e7705de-b603-48d6-b965-6d98cb8d543b,1,7024c933-de2e-4db7-80bd-06af7064369f-2d489b08,"2026-05-21 12:29:08.621507+00",
9292fe4e-ee69-4cc1-9b24-eed078635f15,1,7024c933-de2e-4db7-80bd-06af7064369f,"2026-05-21 12:29:10.745971+00",
5d6277c1-c978-46ce-82be-5b9b53408489,2,42096183-f4da-44d0-8bcf-212919525a36-717b0402,"2026-05-21 12:29:18.790327+00",
d648b183-34e5-4d5c-97e7-846fd4c64c7e,3,7024c933-de2e-4db7-80bd-06af7064369f-2d489b08,"2026-05-21 12:29:24.80418+00",
4edc6d54-1688-4d2d-8c9b-0855eec42a11,2,42096183-f4da-44d0-8bcf-212919525a36-717b0402,"2026-05-21 12:29:34.528287+00",
3ee51ec3-7607-46c9-bf81-aded6fa66524,2,7024c933-de2e-4db7-80bd-06af7064369f-2d489b08,"2026-05-21 12:29:42.673546+00",
6822ea2c-f801-45e9-b3ca-3ecc82b42921,3,42096183-f4da-44d0-8bcf-212919525a36-717b0402,"2026-05-21 12:29:50.038996+00",
49347001-c2ea-4525-bdc9-37ee0b1fec70,2,7024c933-de2e-4db7-80bd-06af7064369f-2d489b08,"2026-05-21 12:29:59.627541+00",
b073ffec-3109-4b00-9e75-667d0321539e,1,42096183-f4da-44d0-8bcf-212919525a36-717b0402,"2026-05-21 12:30:05.568342+00",
06363c63-4b02-4b10-87f2-21b92f0157ba,1,7024c933-de2e-4db7-80bd-06af7064369f-2d489b08,"2026-05-21 12:30:17.143465+00",
dea3c648-7303-47ee-a632-a820e3aeda1c,1,42096183-f4da-44d0-8bcf-212919525a36-717b0402,"2026-05-21 12:30:22.150722+00",
df3bb33f-dca9-473a-b22a-f1ee3f5a22db,2,42096183-f4da-44d0-8bcf-212919525a36-717b0402,"2026-05-21 13:35:07.147181+00",
f2ffdf73-d390-41bd-9b49-feb1bb2f9c0f,3,7024c933-de2e-4db7-80bd-06af7064369f-2d489b08,"2026-05-21 14:11:18.842773+00",
b0e288c7-70b9-4ec1-9516-eae11cee2878,2,7024c933-de2e-4db7-80bd-06af7064369f-2d489b08,"2026-05-21 14:14:04.359489+00",
fd372ddc-1ff6-4e10-be1c-7443ee44176a,4,7024c933-de2e-4db7-80bd-06af7064369f-2d489b08,"2026-05-21 14:14:26.192343+00",
5c283e34-888d-403e-9c69-614ab64cc0e6,3,27dbdc67-406e-46ad-bc35-e6f765ff58d7-717b0402,"2026-05-21 14:18:53.179026+00",
8d252f00-ddf5-4d19-9f4c-bea218be8cef,1,27dbdc67-406e-46ad-bc35-e6f765ff58d7-717b0402,"2026-05-21 14:19:51.019442+00",
e29044c6-db4a-4612-811d-94fb199de900,3,27dbdc67-406e-46ad-bc35-e6f765ff58d7-717b0402,"2026-05-21 14:22:08.354338+00",
6cd1380e-eed2-471c-8560-12d5b38c969b,2,27dbdc67-406e-46ad-bc35-e6f765ff58d7-717b0402,"2026-05-21 14:24:04.376927+00",
e3876c15-4745-490a-baaa-2ac3ba70a9ff,4,30b7174f-34be-48d4-b461-8cf5a397c49d-2d489b08,"2026-05-21 14:27:55.913846+00",
8b8b9b07-793d-4ea4-a05b-3e1ed0440b05,2,30b7174f-34be-48d4-b461-8cf5a397c49d-2d489b08,"2026-05-21 14:28:16.280161+00",
bf8c1503-9c08-43e8-be87-95698b3068f3,4,30b7174f-34be-48d4-b461-8cf5a397c49d-2d489b08,"2026-05-21 14:28:32.580259+00",
eda9f04b-0af1-4b25-8e22-b737130e2bc2,2,7024c933-de2e-4db7-80bd-06af7064369f-2d489b08,"2026-05-21 14:29:08.380674+00",
aed19042-a557-4c4b-91ab-4e316b3bee9d,4,42096183-f4da-44d0-8bcf-212919525a36-717b0402,"2026-05-21 14:30:23.766717+00",
fd52f6f9-fd9e-47b6-ba84-a8c93e05441d,2,42096183-f4da-44d0-8bcf-212919525a36-717b0402,"2026-05-21 14:30:39.390794+00",
58ec49ac-4b9b-41af-b877-3b4670afee61,3,42096183-f4da-44d0-8bcf-212919525a36-717b0402,"2026-05-21 14:30:57.341657+00",
9c3adaff-7774-4cf5-81c2-74400fd4aff0,3,30b7174f-34be-48d4-b461-8cf5a397c49d-2d489b08,"2026-05-21 14:34:18.230447+00",
ca29acfc-8863-4f34-81ad-08573b370eae,2,7024c933-de2e-4db7-80bd-06af7064369f-2d489b08,"2026-05-21 14:34:30.57718+00",
efca1bc7-4ac7-4788-8c68-2e9f82ac3626,3,30b7174f-34be-48d4-b461-8cf5a397c49d-2d489b08,"2026-05-21 14:34:50.444253+00",
c7411552-2e03-4529-bcc5-0dcae8825cbb,2,42096183-f4da-44d0-8bcf-212919525a36-717b0402,"2026-05-21 14:35:06.898446+00",
42a09740-cf48-42ef-bbb0-4820bb409bdf,2,30b7174f-34be-48d4-b461-8cf5a397c49d-2d489b08,"2026-05-21 14:35:22.045487+00",
ce060f47-46aa-40b7-9d6b-26e5fafc887e,2,30b7174f-34be-48d4-b461-8cf5a397c49d-2d489b08,"2026-05-21 14:36:06.675695+00",
b890e2b8-1a3f-42fc-a0cf-acf93e124e23,1,27dbdc67-406e-46ad-bc35-e6f765ff58d7-717b0402,"2026-05-21 14:36:25.970271+00",
b5b69c0b-2dd3-4a0d-8dbe-ed683a0c64be,1,30b7174f-34be-48d4-b461-8cf5a397c49d-2d489b08,"2026-05-21 14:36:49.589404+00",
247a358b-d020-41f3-b545-ee0fcb5a2a3d,2,27dbdc67-406e-46ad-bc35-e6f765ff58d7-717b0402,"2026-05-21 14:46:52.542723+00",
edb0875a-8824-4a03-bd61-bae7710f8750,4,27dbdc67-406e-46ad-bc35-e6f765ff58d7-717b0402,"2026-05-21 14:47:22.296931+00",
be6192eb-6b88-4f0e-92df-b74d10a04e07,1,30b7174f-34be-48d4-b461-8cf5a397c49d-2d489b08,"2026-05-21 14:50:06.29659+00",
b6df02bb-7f8b-4492-aa03-f3c8a7df8e7a,3,7024c933-de2e-4db7-80bd-06af7064369f-2d489b08,"2026-05-21 14:50:36.693502+00",
b100ced3-e599-4af5-b73f-493dd8fe51b6,4,7024c933-de2e-4db7-80bd-06af7064369f-2d489b08,"2026-05-21 14:50:53.468032+00",
5abe5c89-3f80-428c-8665-d6053310564a,3,30b7174f-34be-48d4-b461-8cf5a397c49d-2d489b08,"2026-05-21 14:51:03.047034+00",
da1c3924-a667-4a8f-837e-2821cb1b7d7d,4,30b7174f-34be-48d4-b461-8cf5a397c49d-2d489b08,"2026-05-21 14:51:28.050282+00",
5079bd85-3059-4e9b-a624-2c607053039c,4,27dbdc67-406e-46ad-bc35-e6f765ff58d7-717b0402,"2026-05-21 14:53:53.117041+00",
fbfbb2c2-827b-4503-838b-7aee2c9dbdd7,1,30b7174f-34be-48d4-b461-8cf5a397c49d-2d489b08,"2026-05-21 14:56:11.968899+00",
65c38552-3071-49ac-bf72-734e8baaf4e4,3,30b7174f-34be-48d4-b461-8cf5a397c49d-2d489b08,"2026-05-21 14:56:42.286865+00",
5990807a-a46d-4c55-a71f-58a2dc56b64e,2,30b7174f-34be-48d4-b461-8cf5a397c49d-2d489b08,"2026-05-21 14:56:59.134283+00",
1a8996c3-1748-44ed-94b6-f9cce81f0872,3,30b7174f-34be-48d4-b461-8cf5a397c49d-2d489b08,"2026-05-21 14:57:16.625273+00",
47e957ba-3b57-46c4-b8a9-f80f2710ee05,4,7024c933-de2e-4db7-80bd-06af7064369f-2d489b08,"2026-05-21 14:57:42.600567+00",
81d29e81-ed6c-4bc9-98ee-f0c6d2202bea,4,7024c933-de2e-4db7-80bd-06af7064369f-2d489b08,"2026-05-21 14:57:58.380155+00",
4335fdc2-3987-44b7-afee-d040b81887b9,1,42096183-f4da-44d0-8bcf-212919525a36-717b0402,"2026-05-21 14:58:05.984253+00",
7d1e8581-3304-4752-996d-26ceeac6d8ad,2,42096183-f4da-44d0-8bcf-212919525a36-717b0402,"2026-05-21 14:58:49.649962+00",
fbb4fd37-1d4c-4e40-a8fa-8708be881aaf,2,7024c933-de2e-4db7-80bd-06af7064369f-2d489b08,"2026-05-21 14:58:56.088933+00",
1dc37da5-5133-4b8e-a5e9-a2046b185210,1,42096183-f4da-44d0-8bcf-212919525a36-717b0402,"2026-05-21 14:59:19.980682+00",
bcd76ad9-78ae-49ba-9d2b-12428aab029b,2,27dbdc67-406e-46ad-bc35-e6f765ff58d7-717b0402,"2026-05-21 15:02:43.62626+00",
8525b027-fd3f-407a-852b-dbbfd25ed002,4,27dbdc67-406e-46ad-bc35-e6f765ff58d7-717b0402,"2026-05-21 15:03:09.372688+00",
67ccf098-ae04-4e00-8fb2-89eb261d0965,4,30b7174f-34be-48d4-b461-8cf5a397c49d-2d489b08,"2026-05-21 15:04:55.711261+00",
87598393-500f-40ed-a313-68bd61934f02,2,42096183-f4da-44d0-8bcf-212919525a36-717b0402,"2026-05-21 15:31:35.683171+00","2026-05-21 15:31:35.435+00"
239efff7-0dc1-4b8a-b3d1-7a2887d8217c,2,42096183-f4da-44d0-8bcf-212919525a36-717b0402,"2026-05-21 15:46:42.005799+00","2026-05-21 15:46:41.495+00"
3f107b2c-8c89-4ef8-9602-a645302fff64,1,30b7174f-34be-48d4-b461-8cf5a397c49d-2d489b08,"2026-05-21 15:46:57.504256+00","2026-05-21 15:46:57.356+00"
f14878ed-98af-4c8d-afe9-a3b73b6709b2,4,30b7174f-34be-48d4-b461-8cf5a397c49d-2d489b08,"2026-05-21 15:47:14.775416+00","2026-05-21 15:47:14.623+00"
39ef908c-4432-4f2e-9388-14280a582198,2,30b7174f-34be-48d4-b461-8cf5a397c49d-2d489b08,"2026-05-21 15:47:30.577788+00","2026-05-21 15:47:30.469+00"
4ddcf3e3-f32a-4b0f-b312-077fac0cd19d,2,30b7174f-34be-48d4-b461-8cf5a397c49d-2d489b08,"2026-05-21 15:47:47.366921+00","2026-05-21 15:47:47.188+00"
1d082d1b-ae4d-4117-9062-5c5b6191509f,1,30b7174f-34be-48d4-b461-8cf5a397c49d-2d489b08,"2026-05-21 15:48:04.369229+00","2026-05-21 15:48:04.228+00"
263286c9-9289-4935-be64-d1ca131c14a9,2,42096183-f4da-44d0-8bcf-212919525a36-717b0402,"2026-05-21 15:48:17.785993+00","2026-05-21 15:48:16.777+00"
c1b73823-1e0e-4ba4-bac1-c562dee942de,4,30b7174f-34be-48d4-b461-8cf5a397c49d-2d489b08,"2026-05-21 15:48:21.042102+00","2026-05-21 15:48:20.878+00"
3480b44e-e6b7-44ae-bda6-4f688778a97f,3,30b7174f-34be-48d4-b461-8cf5a397c49d-2d489b08,"2026-05-21 15:48:36.29364+00","2026-05-21 15:48:36.141+00"
1d138993-02c7-4b82-9771-d77ea2946946,2,42096183-f4da-44d0-8bcf-212919525a36-717b0402,"2026-05-21 15:48:50.392922+00","2026-05-21 15:48:50.045+00"
08165690-09bb-4534-8729-d4d12bef9896,1,30b7174f-34be-48d4-b461-8cf5a397c49d-2d489b08,"2026-05-21 15:48:53.324984+00","2026-05-21 15:48:53.245+00"
3c20d991-62d9-4f3a-ae5c-ac6b2a5bda9d,3,7024c933-de2e-4db7-80bd-06af7064369f-2d489b08,"2026-05-21 15:49:09.143569+00","2026-05-21 15:49:08.817+00"
bcdc2bcf-4214-45be-9b05-e5da4923fdf1,4,30b7174f-34be-48d4-b461-8cf5a397c49d-2d489b08,"2026-05-21 15:49:09.96666+00","2026-05-21 15:49:09.85+00"
cceb18bd-6df1-4d2f-964d-335dbc198429,2,42096183-f4da-44d0-8bcf-212919525a36-717b0402,"2026-05-21 15:49:19.278754+00","2026-05-21 15:49:18.949+00"
b35d2a41-d97b-4c42-9baf-a4cbc5152b5e,4,7024c933-de2e-4db7-80bd-06af7064369f-2d489b08,"2026-05-21 15:49:37.998405+00","2026-05-21 15:49:37.744+00"
f3cc8fb6-3a56-4e52-8bd9-0e63bac0417c,2,42096183-f4da-44d0-8bcf-212919525a36-717b0402,"2026-05-21 15:49:44.667012+00","2026-05-21 15:49:44.378+00"
cea10a11-b264-40f1-9f33-d38b71f5c8c8,3,7024c933-de2e-4db7-80bd-06af7064369f-2d489b08,"2026-05-21 15:51:04.133362+00","2026-05-21 15:51:03.841+00"
f02f345d-f7ae-4f7e-bdef-8df66c2662fe,2,7024c933-de2e-4db7-80bd-06af7064369f-2d489b08,"2026-05-21 15:54:34.272153+00","2026-05-21 15:54:33.984+00"
1d74d37a-44e6-4c96-8b23-531fd257c44e,2,42096183-f4da-44d0-8bcf-212919525a36-717b0402,"2026-05-21 15:56:35.968344+00","2026-05-21 15:56:35.475+00"
b8872cf0-9441-4f75-80a0-ba6e9a8bb7cf,2,42096183-f4da-44d0-8bcf-212919525a36-717b0402,"2026-05-21 15:57:11.635819+00","2026-05-21 15:57:11.2+00"
c87de181-1881-4215-9780-965286734910,1,30b7174f-34be-48d4-b461-8cf5a397c49d-2d489b08,"2026-05-21 15:57:25.81194+00","2026-05-21 15:57:25.631+00"
542f923f-7e58-41b3-b03f-64f5c49fbe56,4,42096183-f4da-44d0-8bcf-212919525a36-717b0402,"2026-05-21 15:57:34.444812+00","2026-05-21 15:57:34.077+00"
f5040c3d-9250-4d42-bd0b-4be2c8ff5c91,1,30b7174f-34be-48d4-b461-8cf5a397c49d-2d489b08,"2026-05-21 15:58:27.884805+00","2026-05-21 15:58:27.588+00"
ce4ce325-cdf8-4cb0-963d-695b3ddd6d75,1,7024c933-de2e-4db7-80bd-06af7064369f-2d489b08,"2026-05-21 15:58:34.148386+00","2026-05-21 15:58:33.866+00"
8c49baa5-4753-4203-a620-994bc29919b8,2,42096183-f4da-44d0-8bcf-212919525a36-717b0402,"2026-05-21 16:01:48.268177+00","2026-05-21 16:01:48.036+00"
eccf57e4-06c9-4d50-96d9-a049ff7e0240,2,42096183-f4da-44d0-8bcf-212919525a36-717b0402,"2026-05-21 16:02:45.02291+00","2026-05-21 16:02:44.629+00"
4ae5a611-1c30-4ebd-ad17-90b8aa40a624,1,42096183-f4da-44d0-8bcf-212919525a36-717b0402,"2026-05-21 16:02:45.497403+00","2026-05-21 16:02:10.667+00"
6c37f337-22f7-4683-bd7e-814ae28fab15,2,30b7174f-34be-48d4-b461-8cf5a397c49d-2d489b08,"2026-05-21 16:28:30.575193+00","2026-05-21 16:28:30.195+00"
338c35d0-e6d1-49bc-97ad-68c73e3a7926,2,fbccb208-29f4-4730-aa54-8d18b22ae195-63225ba8,"2026-05-21 17:55:38.317491+00","2026-05-21 17:55:37.39+00"
141025fa-3409-4bee-9e03-ea3db1b9fb8f,1,30b7174f-34be-48d4-b461-8cf5a397c49d-2d489b08,"2026-05-21 17:57:57.26138+00","2026-05-21 17:57:57.005+00"
b52757bc-5f7c-4106-b943-8a816ac830e7,4,30b7174f-34be-48d4-b461-8cf5a397c49d-2d489b08,"2026-05-21 17:58:18.613532+00","2026-05-21 17:58:18.35+00"
2856fb4c-4018-494e-9e44-7131a5fa855d,3,30b7174f-34be-48d4-b461-8cf5a397c49d-2d489b08,"2026-05-21 17:58:40.924877+00","2026-05-21 17:58:40.748+00"
e204accb-e613-4efa-99ee-4805758a7c8b,1,30b7174f-34be-48d4-b461-8cf5a397c49d-2d489b08,"2026-05-21 17:59:03.213401+00","2026-05-21 17:59:02.911+00"
9f1d0443-f101-4b94-9c86-c98ab7e97466,2,fbccb208-29f4-4730-aa54-8d18b22ae195-63225ba8,"2026-05-21 17:59:19.526316+00","2026-05-21 17:59:18.846+00"
6d3cbd5d-c3c7-4f0f-b4ea-503de8e4fcc2,1,fbccb208-29f4-4730-aa54-8d18b22ae195-63225ba8,"2026-05-21 17:59:20.461433+00","2026-05-21 17:56:00.196+00"
820d279a-31be-4f24-9455-3706bf6def68,2,fbccb208-29f4-4730-aa54-8d18b22ae195-63225ba8,"2026-05-21 17:59:23.408957+00","2026-05-21 17:56:27.903+00"
a344568f-70e3-49a2-91c0-c48531cddbe1,3,30b7174f-34be-48d4-b461-8cf5a397c49d-2d489b08,"2026-05-21 17:59:25.0129+00","2026-05-21 17:59:24.764+00"
4610ef5d-309d-433a-956f-2de09018d1ec,4,fbccb208-29f4-4730-aa54-8d18b22ae195-63225ba8,"2026-05-21 17:59:26.369259+00","2026-05-21 17:56:56.747+00"
607d1eb9-1872-417d-b567-c571e4ee8910,2,fbccb208-29f4-4730-aa54-8d18b22ae195-63225ba8,"2026-05-21 17:59:29.243289+00","2026-05-21 17:57:24.457+00"
98d21311-3cbb-4911-a40c-c5862bb0bff9,2,6e633d82-dfc0-4386-ab17-e9bed271fe27-e9fa801e,"2026-05-21 18:27:59.726051+00","2026-05-21 18:27:59.216+00"
d58902ff-283b-40d4-8a49-451752a1d958,2,6e633d82-dfc0-4386-ab17-e9bed271fe27-e9fa801e,"2026-05-21 18:28:51.872542+00","2026-05-21 18:28:51.452+00"
fbd3752e-3de7-477c-b9d1-7c1ea1490068,1,6e633d82-dfc0-4386-ab17-e9bed271fe27-e9fa801e,"2026-05-21 18:29:20.71487+00","2026-05-21 18:29:20.169+00"
8bae303d-8622-42c9-a783-7623ed9f3201,3,6e633d82-dfc0-4386-ab17-e9bed271fe27-e9fa801e,"2026-05-21 18:29:43.065363+00","2026-05-21 18:29:42.767+00"
be630c4f-a26e-40e9-bf9c-47e1dc0fdc8a,4,7024c933-de2e-4db7-80bd-06af7064369f-2d489b08,"2026-05-21 18:29:58.107402+00","2026-05-21 18:29:57.79+00"
dc155fa7-3151-4e5a-8a09-4a0ade5bf833,4,6e633d82-dfc0-4386-ab17-e9bed271fe27-e9fa801e,"2026-05-21 18:30:05.553519+00","2026-05-21 18:30:05.24+00"
e4bc71d0-e6c7-45aa-aca7-0e81996a2135,2,7024c933-de2e-4db7-80bd-06af7064369f-2d489b08,"2026-05-21 18:30:19.662145+00","2026-05-21 18:30:19.298+00"
1fa81067-3eaa-4365-abac-84ea168b27f7,2,6e633d82-dfc0-4386-ab17-e9bed271fe27-e9fa801e,"2026-05-21 18:30:32.086283+00","2026-05-21 18:30:31.762+00"
2d54b176-ba18-4aa7-af37-28be6e1d1bdc,2,7024c933-de2e-4db7-80bd-06af7064369f-2d489b08,"2026-05-21 18:30:41.231064+00","2026-05-21 18:30:40.95+00"
5142b010-87a6-4562-b684-f5932cea302b,2,6e633d82-dfc0-4386-ab17-e9bed271fe27-e9fa801e,"2026-05-21 18:30:53.494322+00","2026-05-21 18:30:53.139+00"
3f24a039-caea-47a4-8186-6ffbde4ff978,1,42096183-f4da-44d0-8bcf-212919525a36-717b0402,"2026-05-22 06:37:08.762209+00","2026-05-22 06:37:08.28+00"
a86f9d79-50cf-420f-8202-bbb2fcaf9909,1,42096183-f4da-44d0-8bcf-212919525a36-717b0402,"2026-05-22 06:37:30.844233+00","2026-05-22 06:37:30.552+00"
45448c5f-2b4a-4ef1-aa58-6e5391f28fa3,3,30b7174f-34be-48d4-b461-8cf5a397c49d-2d489b08,"2026-05-22 06:37:47.365738+00","2026-05-22 06:37:46.984+00"
8364c3f2-a41f-4d27-8daf-5829d28a5499,1,020f3c24-3a9f-4b60-ac9c-09d08f28b2c9-717b0402,"2026-05-22 07:51:06.450733+00","2026-05-22 07:51:06.172+00"
f1ed8d26-a4b8-47b5-8366-e380fab3112a,3,020f3c24-3a9f-4b60-ac9c-09d08f28b2c9,"2026-05-22 07:51:06.76261+00","2026-05-22 07:51:06.649+00"
8aff24fa-4b2f-4484-a866-66d16b6aac18,1,020f3c24-3a9f-4b60-ac9c-09d08f28b2c9-717b0402,"2026-05-22 07:51:28.10908+00","2026-05-22 07:51:27.846+00"
32cef854-aff6-4c8f-a303-d5ebfb1010f5,1,020f3c24-3a9f-4b60-ac9c-09d08f28b2c9-717b0402,"2026-05-22 07:52:46.940303+00","2026-05-22 07:52:46.671+00"
3e20f6ae-7400-4ab8-9bf2-234118974dbe,2,62c3c60b-8759-4b86-b382-cf207e5aebd8-42e4fdc9,"2026-05-22 08:02:23.329704+00","2026-05-22 08:02:22.993+00"
4b55fd4e-66fb-422d-9fc6-8bfa90677021,2,62c3c60b-8759-4b86-b382-cf207e5aebd8-42e4fdc9,"2026-05-22 08:03:16.319251+00","2026-05-22 08:03:15.971+00"
32f9a323-2dd4-4f76-86ef-fc0f0da613b1,2,42096183-f4da-44d0-8bcf-212919525a36-717b0402,"2026-05-22 09:33:47.943091+00","2026-05-22 09:33:47.679+00"
f5fe6140-fb9a-4788-bd91-9a93cc0daaa7,2,020f3c24-3a9f-4b60-ac9c-09d08f28b2c9-717b0402,"2026-05-22 12:10:19.026364+00","2026-05-22 12:10:18.564+00"
cf90a6ce-f451-479b-89fc-b42db6556840,4,020f3c24-3a9f-4b60-ac9c-09d08f28b2c9-717b0402,"2026-05-22 12:10:50.655336+00","2026-05-22 12:10:50.338+00"
4040dc1d-080f-4c25-8cca-d9ab908d9e66,2,62c3c60b-8759-4b86-b382-cf207e5aebd8-42e4fdc9,"2026-05-22 12:11:36.857493+00","2026-05-22 12:11:36.538+00"
715c9614-1530-403f-b274-660465d470a3,1,020f3c24-3a9f-4b60-ac9c-09d08f28b2c9-717b0402,"2026-05-22 12:15:14.263784+00","2026-05-22 12:15:13.435+00"
d1ce6cff-d202-4722-ae56-454cf4609b6f,1,fbccb208-29f4-4730-aa54-8d18b22ae195-63225ba8,"2026-05-22 14:56:38.630612+00","2026-05-22 14:56:38.188+00"
4812cbac-4c4c-4594-99e1-ee24b27e52a8,2,020f3c24-3a9f-4b60-ac9c-09d08f28b2c9-717b0402,"2026-05-26 12:58:51.649611+00","2026-05-26 12:58:51.087+00"
de4680b3-1efb-48d2-a81b-257d63e735e6,2,020f3c24-3a9f-4b60-ac9c-09d08f28b2c9-717b0402,"2026-05-26 12:59:17.141481+00","2026-05-26 12:59:16.84+00"
44480ba8-755d-41dc-b1e7-f33ac86e8ec9,2,020f3c24-3a9f-4b60-ac9c-09d08f28b2c9-b5bf0bc3,"2026-06-01 15:02:43.275422+00","2026-06-01 15:02:42.738+00"
b0a1e149-1824-41ec-9b18-727bb9116d7d,1,05251dc3-5b0b-4f0c-a2f2-ef6e9b8eccce-5cc768dc,"2026-06-02 07:13:42.424011+00","2026-06-02 07:13:41.724+00"
b120ef01-ace1-4457-bbdf-7c107140e976,4,27dbdc67-406e-46ad-bc35-e6f765ff58d7-717b0402,"2026-06-02 07:28:35.220704+00","2026-06-02 07:28:34.664+00"
df821c42-c832-4508-af2f-ca794cadfcdb,2,27dbdc67-406e-46ad-bc35-e6f765ff58d7-717b0402,"2026-06-02 07:34:07.315865+00","2026-06-02 07:34:06.783+00"
052751f6-027c-4e50-bafc-0e157f1cbf1c,2,27dbdc67-406e-46ad-bc35-e6f765ff58d7-717b0402,"2026-06-02 07:38:08.836297+00","2026-06-02 07:38:08.394+00"
a026d18e-47a3-4045-a85e-c9e8b661c750,2,27dbdc67-406e-46ad-bc35-e6f765ff58d7-717b0402,"2026-06-02 07:40:07.55993+00","2026-06-02 07:40:07.143+00"
0696c5df-a475-48c2-9bce-4670013fbf68,2,27dbdc67-406e-46ad-bc35-e6f765ff58d7-717b0402,"2026-06-02 07:42:48.216211+00","2026-06-02 07:42:47.714+00"
af556ba4-f1f6-4d33-90f6-4332231b8cad,2,27dbdc67-406e-46ad-bc35-e6f765ff58d7-717b0402,"2026-06-02 07:43:14.131936+00","2026-06-02 07:43:13.733+00"
40171272-fe17-4404-a1fb-716658b9f283,2,27dbdc67-406e-46ad-bc35-e6f765ff58d7-717b0402,"2026-06-02 07:45:09.53813+00","2026-06-02 07:43:40.326+00"
df117df4-48fe-42c2-81dc-817d7678804d,4,27dbdc67-406e-46ad-bc35-e6f765ff58d7-717b0402,"2026-06-02 07:45:12.42906+00","2026-06-02 07:44:08.244+00"
fd49d623-bc05-4553-9048-bcb44c5e000f,4,27dbdc67-406e-46ad-bc35-e6f765ff58d7-717b0402,"2026-06-02 07:45:15.686187+00","2026-06-02 07:44:39.477+00"
7356d216-10f5-43b4-9674-c44337646959,1,27dbdc67-406e-46ad-bc35-e6f765ff58d7-717b0402,"2026-06-02 07:45:20.392465+00","2026-06-02 07:45:19.617+00"
eb2ac42d-dbf1-4fd3-b9e5-02daf8c6d349,2,27dbdc67-406e-46ad-bc35-e6f765ff58d7-717b0402,"2026-06-02 07:45:49.169162+00","2026-06-02 07:45:48.804+00"
078f612d-179a-49a5-99e8-54073f40dd85,2,03271806-82de-41cb-a1ff-b889b57ca4fb-717b0402,"2026-06-02 08:03:25.414717+00","2026-06-02 08:03:22.94+00"
27cf5b65-dfff-48c8-a092-6ed75682196a,1,03271806-82de-41cb-a1ff-b889b57ca4fb-717b0402,"2026-06-02 08:03:52.345282+00","2026-06-02 08:03:51.886+00"
49345f44-2cca-43d2-81a2-3b88d749cb71,2,03271806-82de-41cb-a1ff-b889b57ca4fb-717b0402,"2026-06-02 08:07:14.255214+00","2026-06-02 08:07:13.713+00"
6bf690e4-216e-4c24-8b5f-1d266e60db03,2,03271806-82de-41cb-a1ff-b889b57ca4fb-717b0402,"2026-06-02 08:07:14.771938+00","2026-06-02 08:04:46.067+00"
fff46399-fb6c-46f3-99b7-047bddd35fd9,4,03271806-82de-41cb-a1ff-b889b57ca4fb-717b0402,"2026-06-02 08:07:17.678443+00","2026-06-02 08:05:17.96+00"
039a6154-e174-4673-b6be-3531e9fdd78b,3,03271806-82de-41cb-a1ff-b889b57ca4fb-717b0402,"2026-06-02 08:07:20.669008+00","2026-06-02 08:05:49.956+00"
540a1be9-0c29-404e-ae32-68d6195a84cd,4,03271806-82de-41cb-a1ff-b889b57ca4fb-717b0402,"2026-06-02 08:07:43.271516+00","2026-06-02 08:07:42.867+00"
cd47b10b-a2c0-4d60-adef-50d4fbcffbca,2,03271806-82de-41cb-a1ff-b889b57ca4fb-717b0402,"2026-06-02 08:09:23.018658+00","2026-06-02 08:09:22.5+00"
52553bf1-cae9-4474-b02d-b10204e04f9d,2,03271806-82de-41cb-a1ff-b889b57ca4fb-717b0402,"2026-06-02 08:09:23.43261+00","2026-06-02 08:08:13.786+00"
7cee9845-c53f-493e-adae-69728bd61d5f,4,03271806-82de-41cb-a1ff-b889b57ca4fb-717b0402,"2026-06-02 08:14:13.602061+00","2026-06-02 08:14:12.774+00"
b7bb6ed5-eb4f-431e-821d-b0364fdfed96,4,03271806-82de-41cb-a1ff-b889b57ca4fb-717b0402,"2026-06-02 08:14:14.113899+00","2026-06-02 08:08:49.114+00"
01de0ffc-576d-4396-8449-c1c166f091f8,2,42096183-f4da-44d0-8bcf-212919525a36-717b0402,"2026-06-02 08:17:37.263199+00","2026-06-02 08:17:36.968+00"
8bedbb9d-32fc-4462-9d74-459504a7ef1b,1,020f3c24-3a9f-4b60-ac9c-09d08f28b2c9-717b0402,"2026-06-02 08:53:38.295032+00","2026-06-02 08:53:37.879+00"
12635ff9-c89d-45e3-8b0e-2fc44cd9e819,3,020f3c24-3a9f-4b60-ac9c-09d08f28b2c9-717b0402,"2026-06-02 08:54:06.010916+00","2026-06-02 08:54:05.477+00"
e71b74c3-8b02-4bd4-bfd3-96fd38354f89,4,5734b2ff-33e2-4751-b535-3cdd60543ba1-9649201e,"2026-06-02 12:54:51.69669+00","2026-06-02 12:54:51.029+00"
710e7639-6698-474d-95a1-b7f9409b22e2,1,5734b2ff-33e2-4751-b535-3cdd60543ba1-9649201e,"2026-06-02 12:55:06.524518+00","2026-06-02 12:55:06.324+00"
00b1145d-1417-4e18-bca3-a0db8684c762,1,5734b2ff-33e2-4751-b535-3cdd60543ba1-9649201e,"2026-06-02 12:56:04.488247+00","2026-06-02 12:56:04.092+00"
18b94216-4a01-4f57-8785-ec91c14026a9,2,020f3c24-3a9f-4b60-ac9c-09d08f28b2c9-717b0402,"2026-06-02 14:56:47.06118+00","2026-06-02 14:56:46.504+00"
3646b9c6-b509-45de-973c-9649f17c84dc,1,020f3c24-3a9f-4b60-ac9c-09d08f28b2c9-b5bf0bc3,"2026-06-03 07:53:28.225388+00","2026-06-03 07:53:27.288+00"
7b6e3c3c-173e-4bdd-a8b1-fa4771e575ae,2,42096183-f4da-44d0-8bcf-212919525a36-717b0402,"2026-06-11 08:24:42.530579+00","2026-06-11 08:24:42.002+00"
dac44661-3a89-4378-8b0d-206beed97966,3,42096183-f4da-44d0-8bcf-212919525a36-717b0402,"2026-06-11 08:25:04.256313+00","2026-06-11 08:25:03.95+00"
78bd8e9e-9817-4bf1-a515-bda5f9a18773,2,7024c933-de2e-4db7-80bd-06af7064369f-2d489b08,"2026-06-11 08:25:14.445983+00","2026-06-11 08:25:14.133+00"
a54756c1-8308-4319-9446-d3da0e82c394,1,42096183-f4da-44d0-8bcf-212919525a36-717b0402,"2026-06-11 08:25:27.039239+00","2026-06-11 08:25:26.718+00"
70a2ebe7-e3ad-41c2-b874-3a52d745bce3,3,7024c933-de2e-4db7-80bd-06af7064369f-2d489b08,"2026-06-11 08:25:40.289135+00","2026-06-11 08:25:39.974+00"
57f08c1d-9d8f-4c50-af74-275e59e7257c,4,7024c933-de2e-4db7-80bd-06af7064369f-2d489b08,"2026-06-11 08:26:08.247983+00","2026-06-11 08:26:07.912+00"
a04644c9-e334-4480-93e6-4e822a4d8f3c,1,7024c933-de2e-4db7-80bd-06af7064369f-2d489b08,"2026-06-11 08:26:52.40203+00","2026-06-11 08:26:52.074+00"
62e1558f-0c2c-4965-91fd-c650a938ab3f,1,42096183-f4da-44d0-8bcf-212919525a36-717b0402,"2026-06-11 08:26:59.186911+00","2026-06-11 08:26:58.892+00"
b5edcbfd-ca98-4b90-9891-103526ba142f,4,7024c933-de2e-4db7-80bd-06af7064369f-2d489b08,"2026-06-11 08:27:14.195944+00","2026-06-11 08:27:13.854+00"
0d2712fa-60c9-4a8b-8a8d-31bf605a1bd7,1,42096183-f4da-44d0-8bcf-212919525a36-717b0402,"2026-06-11 08:37:32.203852+00","2026-06-11 08:37:31.304+00"
960ebf7e-b816-4347-94ca-110c55033e16,1,42096183-f4da-44d0-8bcf-212919525a36-717b0402,"2026-06-11 08:42:16.771624+00","2026-06-11 08:42:15.782+00"
c867127c-43ae-46dd-8c43-cc0c018ba2a9,2,42096183-f4da-44d0-8bcf-212919525a36-717b0402,"2026-06-11 08:49:38.379446+00","2026-06-11 08:49:37.769+00"
4e265feb-b38a-4ef6-bbc8-1bc56f9c8997,3,7024c933-de2e-4db7-80bd-06af7064369f-2d489b08,"2026-06-11 09:42:59.651474+00","2026-06-11 09:42:58.154+00"
d79529f5-9f0e-4785-8fbe-62c7da5ece07,1,42096183-f4da-44d0-8bcf-212919525a36-717b0402,"2026-06-11 11:21:25.428623+00","2026-06-11 11:21:24.959+00"
20442d2a-f645-4f3a-abf1-64147b0c5c31,1,fbccb208-29f4-4730-aa54-8d18b22ae195-63225ba8,"2026-06-15 20:16:17.769965+00","2026-06-15 20:16:17.113+00"
162c3904-0985-4d20-a3fe-f8b3d6e13564,2,fbccb208-29f4-4730-aa54-8d18b22ae195-63225ba8,"2026-06-15 20:16:51.904347+00","2026-06-15 20:16:51.645+00"
3c1e539b-abe3-4203-9343-cda640288fd4,2,fbccb208-29f4-4730-aa54-8d18b22ae195-63225ba8,"2026-06-15 20:17:39.521605+00","2026-06-15 20:17:39.229+00"
edaafdf1-0975-4498-8689-8edfc560ea9d,4,fbccb208-29f4-4730-aa54-8d18b22ae195-63225ba8,"2026-06-15 20:18:31.089474+00","2026-06-15 20:18:30.809+00"
3f6922a4-84c6-47b9-ad6b-d46fcfc86de0,1,fbccb208-29f4-4730-aa54-8d18b22ae195-63225ba8,"2026-06-15 20:19:13.353281+00","2026-06-15 20:19:13.067+00"
de7aa2c4-d0c1-4853-aa6e-0464dd5f8423,1,42096183-f4da-44d0-8bcf-212919525a36-717b0402,"2026-06-16 05:46:25.419013+00","2026-06-16 05:46:24.936+00"
20598151-451f-4197-9981-46d9a2239d9d,3,42096183-f4da-44d0-8bcf-212919525a36-717b0402,"2026-06-16 05:46:47.775392+00","2026-06-16 05:46:47.505+00"
0e94da77-ba08-4a96-a6c1-61c7fd057b59,1,42096183-f4da-44d0-8bcf-212919525a36-717b0402,"2026-06-16 05:52:06.233247+00","2026-06-16 05:52:05.943+00"
e30f9a2d-de69-40f5-8836-8b68eb63a351,1,42096183-f4da-44d0-8bcf-212919525a36-717b0402,"2026-06-16 07:10:01.893202+00","2026-06-16 07:10:00.323+00"
536882b3-aedb-43c6-bfdc-1e14dbf164c9,1,42096183-f4da-44d0-8bcf-212919525a36-717b0402,"2026-06-16 07:26:34.214162+00","2026-06-16 07:26:33.95+00"
dd7972f1-9acd-4690-86b3-7255a99cc724,3,7024c933-de2e-4db7-80bd-06af7064369f-2d489b08,"2026-06-17 09:16:03.244003+00","2026-06-17 09:16:02.73+00"
5991f242-20a3-48c8-bcbd-63122bc86240,1,7024c933-de2e-4db7-80bd-06af7064369f-2d489b08,"2026-06-17 09:16:26.606523+00","2026-06-17 09:16:26.216+00"
4cac8c4d-d1b6-4991-82fc-bf586602cfe3,2,7024c933-de2e-4db7-80bd-06af7064369f-2d489b08,"2026-06-17 09:16:48.672124+00","2026-06-17 09:16:48.369+00"
2c6b8b31-e0ed-4798-9be7-b735e268f3a8,3,7024c933-de2e-4db7-80bd-06af7064369f-2d489b08,"2026-06-17 09:17:10.441783+00","2026-06-17 09:17:10.172+00"
26a9092b-36ac-4c7d-873f-65ba465a6842,4,7024c933-de2e-4db7-80bd-06af7064369f-2d489b08,"2026-06-17 09:17:37.386253+00","2026-06-17 09:17:37.118+00"
432963ae-a512-471d-8e5b-b841c87de52f,2,7024c933-de2e-4db7-80bd-06af7064369f-2d489b08,"2026-06-17 09:17:59.720642+00","2026-06-17 09:17:59.452+00"
04adb9b7-5f46-444d-81f3-3275aa7dfe92,2,7024c933-de2e-4db7-80bd-06af7064369f-2d489b08,"2026-06-17 09:18:21.049156+00","2026-06-17 09:18:20.758+00"
484f4d64-25a8-4239-b7e0-4efc16889404,2,7024c933-de2e-4db7-80bd-06af7064369f-2d489b08,"2026-06-17 09:18:42.156758+00","2026-06-17 09:18:41.895+00"
3ca83067-2a30-4b60-b601-c7a7f68dcf44,2,7024c933-de2e-4db7-80bd-06af7064369f-2d489b08,"2026-06-17 09:19:03.675283+00","2026-06-17 09:19:03.381+00"
120527d6-056b-4e5f-a8b4-601ece1ea2fa,2,7024c933-de2e-4db7-80bd-06af7064369f-2d489b08,"2026-06-17 09:19:39.190258+00","2026-06-17 09:19:38.865+00"
0feef35c-cde2-442f-805f-4120c12821ee,2,7024c933-de2e-4db7-80bd-06af7064369f-2d489b08,"2026-06-17 09:20:03.813395+00","2026-06-17 09:20:03.464+00"
4e4b493f-282f-4d78-86d9-3621146f50c7,2,7024c933-de2e-4db7-80bd-06af7064369f-2d489b08,"2026-06-17 09:20:29.764572+00","2026-06-17 09:20:29.229+00"
1becee43-35e5-4be1-95db-00490e84f23b,2,7024c933-de2e-4db7-80bd-06af7064369f-2d489b08,"2026-06-17 09:20:50.965831+00","2026-06-17 09:20:50.716+00"
8c97e7ca-48d7-48de-b6ec-8d550e6702fc,2,7024c933-de2e-4db7-80bd-06af7064369f-2d489b08,"2026-06-17 09:21:12.205802+00","2026-06-17 09:21:11.937+00"
db8ff13c-b461-41f4-b3b7-f0ddea816c7b,2,7024c933-de2e-4db7-80bd-06af7064369f-2d489b08,"2026-06-17 09:21:33.528798+00","2026-06-17 09:21:33.339+00"
1703ae17-1d19-425e-8d7a-613655520681,2,7024c933-de2e-4db7-80bd-06af7064369f-2d489b08,"2026-06-17 09:21:54.895021+00","2026-06-17 09:21:54.709+00"
05a1d523-d37f-4894-aaac-313870198ffe,2,7024c933-de2e-4db7-80bd-06af7064369f-2d489b08,"2026-06-17 09:22:16.978438+00","2026-06-17 09:22:16.775+00"
1debaee5-f1f8-41f1-b4c6-26efe8cc113d,2,7024c933-de2e-4db7-80bd-06af7064369f-2d489b08,"2026-06-17 09:22:38.655162+00","2026-06-17 09:22:38.444+00"
0d5c74bc-97ac-4b7f-9dc3-916f5bfba2bd,2,7024c933-de2e-4db7-80bd-06af7064369f-2d489b08,"2026-06-17 09:23:00.337181+00","2026-06-17 09:23:00.063+00"
b1112321-772a-4bce-bfc2-045d5c8a87fb,2,7024c933-de2e-4db7-80bd-06af7064369f-2d489b08,"2026-06-17 09:23:24.182929+00","2026-06-17 09:23:23.879+00"
fc960c90-8739-4520-a206-668f95e19ef3,2,7024c933-de2e-4db7-80bd-06af7064369f-2d489b08,"2026-06-17 09:23:46.024244+00","2026-06-17 09:23:45.747+00"
05c7ca72-fe4b-4f51-b757-f0efb96bd6d0,2,7024c933-de2e-4db7-80bd-06af7064369f-2d489b08,"2026-06-17 09:24:07.87558+00","2026-06-17 09:24:07.548+00"
b3371d01-00a8-4615-a856-bf1e5212bb3e,2,7024c933-de2e-4db7-80bd-06af7064369f-2d489b08,"2026-06-17 09:24:29.496799+00","2026-06-17 09:24:29.15+00"
fc52770d-81d6-4b30-9ea3-1c298baaf44f,2,7024c933-de2e-4db7-80bd-06af7064369f-2d489b08,"2026-06-17 09:24:50.816785+00","2026-06-17 09:24:50.604+00"
01ff4fd6-c456-4ffa-af97-4cd6a1eb58f8,1,42096183-f4da-44d0-8bcf-212919525a36-717b0402,"2026-06-18 08:50:49.004744+00","2026-06-18 08:50:48.383+00"
0ebadc2f-0a17-4b37-93a2-8f0338d4de45,2,42096183-f4da-44d0-8bcf-212919525a36-717b0402,"2026-06-18 09:06:33.525046+00","2026-06-18 09:06:33.15+00"
9a43ae6c-8d69-42e7-b7a4-4419404dd087,1,42096183-f4da-44d0-8bcf-212919525a36-717b0402,"2026-06-18 09:07:38.22717+00","2026-06-18 09:07:37.773+00"
a57e9458-cb23-487b-aa20-ad99421d9984,1,42096183-f4da-44d0-8bcf-212919525a36-717b0402,"2026-06-18 09:10:44.100004+00","2026-06-18 09:10:43.804+00"
ed175de0-6b69-4f34-a35e-aa7ff625ada0,3,7024c933-de2e-4db7-80bd-06af7064369f-2d489b08,"2026-06-19 06:10:08.976317+00","2026-06-19 06:10:08.518+00"
59f9e307-0ef0-4580-ad41-7a136141a462,2,7024c933-de2e-4db7-80bd-06af7064369f-2d489b08,"2026-06-19 06:19:33.917+00","2026-06-19 06:19:33.474+00"
5e70501d-fae5-4e36-8f0a-cc6348ea39db,4,7024c933-de2e-4db7-80bd-06af7064369f-2d489b08,"2026-06-19 07:24:57.34944+00","2026-06-19 07:24:57.074+00"
671d7836-9a88-46fb-9bef-de4490f9ccfa,2,7024c933-de2e-4db7-80bd-06af7064369f-2d489b08,"2026-06-20 21:16:44.353018+00","2026-06-20 21:16:43.706+00"
cb0cf1fd-520d-4ce5-a4fd-1208384dbfce,2,7024c933-de2e-4db7-80bd-06af7064369f-2d489b08,"2026-06-20 21:17:07.531613+00","2026-06-20 21:17:07.143+00"
38daf705-8732-4a1e-8547-6713c6accd2d,4,7024c933-de2e-4db7-80bd-06af7064369f-2d489b08,"2026-06-20 21:17:29.06154+00","2026-06-20 21:17:28.679+00"
c7b43c2a-b2b2-4e5a-8543-50c90f83b7e5,1,42096183-f4da-44d0-8bcf-212919525a36-717b0402,"2026-06-24 08:12:22.564517+00","2026-06-24 08:12:21.929+00"
23f8ecc6-8824-4e5b-a83d-0a5ddc0c6fa1,2,42096183-f4da-44d0-8bcf-212919525a36-717b0402,"2026-06-24 08:12:45.600592+00","2026-06-24 08:12:45.25+00"
9845d44d-5aa4-4478-b72c-153d51b5c244,2,42096183-f4da-44d0-8bcf-212919525a36-717b0402,"2026-06-24 08:13:07.437956+00","2026-06-24 08:13:07.115+00"
865b32ce-01a6-4d14-a501-103b1a3e213b,2,42096183-f4da-44d0-8bcf-212919525a36-717b0402,"2026-06-24 08:14:22.290342+00","2026-06-24 08:14:22.013+00"
347fe2c2-97cb-4b40-b543-e5f2339a9565,2,42096183-f4da-44d0-8bcf-212919525a36-717b0402,"2026-06-25 08:19:32.117316+00","2026-06-25 08:19:31.639+00"
3ea77166-fc21-4480-ba9e-6a0df6369511,2,92dc9227-65d0-4574-9652-1490ba1ff84d-5cc768dc,"2026-06-25 08:20:22.846856+00","2026-06-25 08:20:22.148+00"
c4f72522-1783-429f-ac9c-13801baba57f,2,92dc9227-65d0-4574-9652-1490ba1ff84d-5cc768dc,"2026-06-25 08:20:44.698168+00","2026-06-25 08:20:44.258+00"
eb658a2d-311e-42dc-98e9-6be547f7cffd,2,42096183-f4da-44d0-8bcf-212919525a36-717b0402,"2026-06-25 08:20:56.411552+00","2026-06-25 08:20:56.161+00"
8936745b-096b-4bab-9c31-2b1852cbc889,1,3ee3b375-85e9-4c4c-b257-e92857bf0618-eeb7f770,"2026-06-25 09:25:55.022267+00","2026-06-25 09:25:54.587+00"
6ed211ae-4ca6-437b-9a19-8f77cde21169,4,42096183-f4da-44d0-8bcf-212919525a36-717b0402,"2026-06-25 09:34:35.180679+00","2026-05-21 16:02:13.46+00"
74066528-c51e-4904-b9e4-692e9be63526,2,42096183-f4da-44d0-8bcf-212919525a36-717b0402,"2026-06-25 09:34:38.206799+00","2026-06-24 08:14:36.37+00"
dfb0d58a-8f99-434b-b56a-7bf0be86d88b,2,2048b25a-1ab4-4186-9700-4778b21893e6-717b0402,"2026-06-25 10:08:08.407381+00","2026-06-25 10:08:07.913+00"
1206c037-7d50-4b84-8736-52ee2c8b080d,2,42096183-f4da-44d0-8bcf-212919525a36-717b0402,"2026-06-25 10:09:04.820629+00","2026-06-25 10:09:04.321+00"
fd1331c2-6760-49f6-8805-90da121df784,1,42096183-f4da-44d0-8bcf-212919525a36-717b0402,"2026-06-25 10:11:02.535714+00","2026-06-25 10:11:02.148+00"
478e9e0a-338a-40d4-83c9-89f72c5a3df6,2,92dc9227-65d0-4574-9652-1490ba1ff84d-5cc768dc,"2026-06-25 10:12:06.545452+00","2026-06-25 10:12:05.999+00"
75496c12-185f-4ac5-a68d-ea9a62cd5c2d,2,92dc9227-65d0-4574-9652-1490ba1ff84d-5cc768dc,"2026-06-25 10:13:17.891912+00","2026-06-25 10:13:17.356+00"
d038ef29-e0de-4bc5-a20d-8bb357be0b10,1,42096183-f4da-44d0-8bcf-212919525a36-717b0402,"2026-06-25 10:13:31.518761+00","2026-06-25 10:13:31.257+00"
b0d47aec-3cd9-45e9-b6ab-08f4240d66f4,1,42096183-f4da-44d0-8bcf-212919525a36-717b0402,"2026-06-25 15:40:22.292672+00","2026-06-25 15:40:21.846+00"
a88fe88e-4c36-4c7e-8d1c-5b943a42bf79,3,7024c933-de2e-4db7-80bd-06af7064369f-2d489b08,"2026-06-25 15:42:03.796494+00","2026-06-25 15:42:02.271+00"
4ec90735-94d6-48b1-8541-b69221f80980,4,7024c933-de2e-4db7-80bd-06af7064369f-2d489b08,"2026-06-25 15:42:05.130896+00","2026-05-21 15:49:14.287+00"
d9959d2b-cc45-4ebc-9288-a0ef7c489d1e,3,7024c933-de2e-4db7-80bd-06af7064369f-2d489b08,"2026-06-25 15:42:07.986289+00","2026-06-11 08:25:17.879+00"
9deebcc6-06a7-4e13-a911-4e08a870f0dc,4,7024c933-de2e-4db7-80bd-06af7064369f-2d489b08,"2026-06-25 15:42:28.525384+00","2026-06-25 15:42:28.215+00"
c8fc7339-48f0-4f95-a99a-eb1d1f3ea0af,4,7024c933-de2e-4db7-80bd-06af7064369f-2d489b08,"2026-06-25 15:42:52.968087+00","2026-06-25 15:42:52.578+00"
cd1a370b-48c2-4090-bd17-1782b0a8b26b,2,7024c933-de2e-4db7-80bd-06af7064369f-2d489b08,"2026-06-25 15:42:56.66663+00","2026-06-25 15:42:55.107+00"
f389ac5c-134a-4fe0-a993-6cbda550cb99,1,7024c933-de2e-4db7-80bd-06af7064369f-2d489b08,"2026-06-25 15:43:00.031717+00","2026-06-25 15:42:59.699+00"
69a4d617-0e38-4c33-ac85-25afd30cae07,4,42096183-f4da-44d0-8bcf-212919525a36-717b0402,"2026-06-25 15:43:11.137801+00","2026-06-25 15:41:19.002+00"
2c5e77ba-63ab-4f10-be51-838edc39451b,1,42096183-f4da-44d0-8bcf-212919525a36-717b0402,"2026-06-25 15:43:15.151028+00","2026-06-25 15:43:14.941+00"
874e3ee4-fb1a-4ea1-8ca3-863be6926fcf,2,42096183-f4da-44d0-8bcf-212919525a36-717b0402,"2026-06-25 15:43:15.37462+00","2026-06-25 15:40:52.031+00"
b16ddd43-e3c5-4b63-8885-afb57063fc3a,1,42096183-f4da-44d0-8bcf-212919525a36-717b0402,"2026-06-25 15:43:21.137929+00","2026-06-25 15:42:19.784+00"
474fdabf-32e9-4a26-9fda-bf856bfc7d52,1,7024c933-de2e-4db7-80bd-06af7064369f-2d489b08,"2026-06-25 15:43:22.252439+00","2026-06-25 15:43:21.914+00"
3d5628f2-24fe-41c1-8bfa-71940fa4dd90,2,42096183-f4da-44d0-8bcf-212919525a36-717b0402,"2026-06-25 15:43:40.375304+00","2026-06-25 15:43:40.204+00"
6bf4a435-29dd-4f88-8375-a58609037b37,4,42096183-f4da-44d0-8bcf-212919525a36-717b0402,"2026-06-25 15:43:44.179169+00","2026-06-25 15:43:43.987+00"
efaa233a-1484-4ae7-b6b4-5ca85e2b7298,2,7024c933-de2e-4db7-80bd-06af7064369f-2d489b08,"2026-06-26 07:48:53.791896+00","2026-06-26 07:48:53.359+00"
ae8dae89-434e-4812-8107-cc54cdedb5cf,2,42096183-f4da-44d0-8bcf-212919525a36-717b0402,"2026-06-29 15:03:14.37876+00","2026-06-29 15:03:13.956+00"
5438df7a-60af-45f8-a31a-63139993dbca,2,42096183-f4da-44d0-8bcf-212919525a36-717b0402,"2026-06-29 15:03:14.790167+00","2026-06-29 15:03:09.601+00"
e839dc18-e2d5-45bb-af4f-1f35b37fa4f7,1,42096183-f4da-44d0-8bcf-212919525a36-717b0402,"2026-06-29 15:03:36.72973+00","2026-06-29 15:03:36.476+00"
760c77d1-7a91-4c43-8a6f-05a4b4c1249d,3,42096183-f4da-44d0-8bcf-212919525a36-717b0402,"2026-06-29 15:03:58.146479+00","2026-06-29 15:03:57.89+00"
9bae75c5-5b17-4332-8970-a728e5cf9f61,1,42096183-f4da-44d0-8bcf-212919525a36-717b0402,"2026-06-29 15:04:19.450551+00","2026-06-29 15:04:19.213+00"
c1092f60-5409-4ee1-96e0-2aa38d7de31a,2,42096183-f4da-44d0-8bcf-212919525a36-717b0402,"2026-06-29 15:04:41.15679+00","2026-06-29 15:04:40.948+00"
b16fcc4d-57c2-4051-9829-5288b3608d8e,2,42096183-f4da-44d0-8bcf-212919525a36-717b0402,"2026-06-29 15:05:02.964748+00","2026-06-29 15:05:02.475+00"
e447e992-a22c-483c-9834-5e1c1088d544,1,42096183-f4da-44d0-8bcf-212919525a36-717b0402,"2026-06-29 15:06:46.482768+00","2026-06-29 15:06:45.934+00"
f7e5ed01-63fa-46fa-add6-5d16fa8ab366,1,42096183-f4da-44d0-8bcf-212919525a36-717b0402,"2026-07-01 08:52:52.106608+00","2026-07-01 08:52:51.489+00"
ba3ef969-1bca-4415-be89-41f38e2b98c6,2,42096183-f4da-44d0-8bcf-212919525a36-717b0402,"2026-07-01 08:53:13.908899+00","2026-07-01 08:53:13.642+00"
756c6b4f-a4c2-4849-9083-c36d72ed5b77,3,42096183-f4da-44d0-8bcf-212919525a36-717b0402,"2026-07-01 08:53:44.657391+00","2026-07-01 08:53:44.241+00"
ab3af799-eaad-41e2-8fc4-2dc262d916c8,2,42096183-f4da-44d0-8bcf-212919525a36-717b0402,"2026-07-01 08:54:07.443701+00","2026-07-01 08:54:07.071+00"
e4b1b320-e350-4d45-ac8e-2e455a3e3a50,2,42096183-f4da-44d0-8bcf-212919525a36-717b0402,"2026-07-01 08:54:29.780678+00","2026-07-01 08:54:29.524+00"
049586bc-d0cd-4690-be40-804f0201d9aa,1,42096183-f4da-44d0-8bcf-212919525a36-717b0402,"2026-07-02 09:02:43.449498+00","2026-07-02 09:02:42.882+00"
09d6315a-7570-4fac-9700-9f993a01c88c,2,42096183-f4da-44d0-8bcf-212919525a36-717b0402,"2026-07-02 09:03:14.068608+00","2026-07-02 09:03:13.853+00"
5528ef93-5b5e-4489-885b-1121d0e9a3de,2,42096183-f4da-44d0-8bcf-212919525a36-717b0402,"2026-07-02 09:03:35.719518+00","2026-07-02 09:03:35.484+00"
43956860-e3f4-4d2b-aad3-6583a7685074,2,42096183-f4da-44d0-8bcf-212919525a36-717b0402,"2026-07-02 09:04:12.487766+00","2026-07-02 09:04:12.24+00"
c9670ab9-d835-4cd7-81cf-14f215714339,2,42096183-f4da-44d0-8bcf-212919525a36-717b0402,"2026-07-02 09:46:13.187085+00","2026-07-02 09:46:12.183+00"
a244bb3f-9397-4c87-b228-bcd6a0d65203,2,30b7174f-34be-48d4-b461-8cf5a397c49d-2d489b08,"2026-07-03 11:31:30.227448+00","2026-07-03 11:31:29.808+00"
2dbad39c-1682-4dc8-8faa-b40604300946,2,30b7174f-34be-48d4-b461-8cf5a397c49d-2d489b08,"2026-07-03 11:31:32.176068+00","2026-07-03 11:31:31.883+00"
1f0ec080-0a44-494d-8775-afcb050a0b8e,1,30b7174f-34be-48d4-b461-8cf5a397c49d-2d489b08,"2026-07-03 11:31:32.738167+00","2026-05-21 15:57:27.541+00"
97830f38-5e5b-49e1-a15b-fe8ffe26d328,2,42096183-f4da-44d0-8bcf-212919525a36-717b0402,"2026-07-06 09:35:33.275782+00","2026-07-06 09:35:32.872+00"
1c356394-48d7-44fe-a9dd-1124544473cb,2,42096183-f4da-44d0-8bcf-212919525a36-717b0402,"2026-07-06 09:35:56.369242+00","2026-07-06 09:35:56.173+00"
ef8a8bf1-d16c-4168-915d-585a2ed79a4d,2,42096183-f4da-44d0-8bcf-212919525a36-717b0402,"2026-07-06 12:15:14.326193+00","2026-07-06 12:15:13.929+00"
4ef377c6-5a08-4173-b73d-a8042e7c81f0,1,42096183-f4da-44d0-8bcf-212919525a36-717b0402,"2026-07-10 12:56:33.931272+00","2026-07-10 12:56:33.432+00"
457e34a2-4325-4738-a7cf-8f6edf95b486,2,42096183-f4da-44d0-8bcf-212919525a36-717b0402,"2026-07-10 13:08:57.374253+00","2026-07-10 13:08:56.993+00"
90b9ab5d-b6f1-4253-b208-139c160711e2,2,42096183-f4da-44d0-8bcf-212919525a36-717b0402,"2026-07-10 13:16:13.680827+00","2026-07-10 13:16:13.279+00"
655f1663-54df-4e87-a6bc-9b888517ae62,2,fbccb208-29f4-4730-aa54-8d18b22ae195-63225ba8,"2026-07-12 07:58:59.279165+00","2026-07-12 07:58:58.745+00"
c8e7fb01-64f4-4636-bce4-4a97e52ff536,4,fbccb208-29f4-4730-aa54-8d18b22ae195-63225ba8,"2026-07-12 07:58:59.58088+00","2026-06-15 20:16:24.896+00"
aa99ca42-ee3d-4a50-bd05-17c865e0c47e,2,fbccb208-29f4-4730-aa54-8d18b22ae195-63225ba8,"2026-07-12 07:59:02.431211+00","2026-06-15 20:16:28.972+00"
28205a3a-fba4-468f-988a-38aacd0a5c2b,3,fbccb208-29f4-4730-aa54-8d18b22ae195-63225ba8,"2026-07-12 07:59:21.116275+00","2026-07-12 07:59:20.823+00"
d868e9a2-5e4c-4273-a4c0-d5e3c6a5c32f,2,fbccb208-29f4-4730-aa54-8d18b22ae195-63225ba8,"2026-07-12 08:00:01.079152+00","2026-07-12 08:00:00.629+00"
37270a88-ce4c-4244-94eb-7a39cc639e86,1,1e4a7808-62e1-4dcf-a683-9d289dc58b11-52779cd2,"2026-07-13 06:41:30.438753+00","2026-07-13 06:41:29.972+00"
df00a97e-b5bf-474f-a800-843d8d508117,2,1e4a7808-62e1-4dcf-a683-9d289dc58b11-52779cd2,"2026-07-13 06:41:52.758911+00","2026-07-13 06:41:52.426+00"
e8719814-d999-4a44-83d9-b6995efe3eaa,4,1e4a7808-62e1-4dcf-a683-9d289dc58b11-52779cd2,"2026-07-13 06:42:14.577845+00","2026-07-13 06:42:14.245+00"
4eb1ee92-a0ac-4e3a-8b02-da8471b221a8,3,1e4a7808-62e1-4dcf-a683-9d289dc58b11-52779cd2,"2026-07-13 06:42:42.135459+00","2026-07-13 06:42:41.827+00"
e5f51e60-26c9-402e-8aaf-cd454faba132,1,1e4a7808-62e1-4dcf-a683-9d289dc58b11-52779cd2,"2026-07-13 06:43:06.249174+00","2026-07-13 06:43:05.942+00"
83f91ccb-13b4-4c55-b966-6a7225c3e7d0,4,1e4a7808-62e1-4dcf-a683-9d289dc58b11-52779cd2,"2026-07-13 06:46:26.102682+00","2026-07-13 06:46:25.561+00"
c13577e0-e94c-47a3-bad6-c3338458f45b,4,1e4a7808-62e1-4dcf-a683-9d289dc58b11-52779cd2,"2026-07-13 06:46:49.219201+00","2026-07-13 06:46:48.923+00"
53646b69-9da4-46b7-a904-89a48676f978,3,1e4a7808-62e1-4dcf-a683-9d289dc58b11-52779cd2,"2026-07-13 06:47:11.32077+00","2026-07-13 06:47:11.069+00"
1146e6a1-5167-46bb-90ec-f788d50c9ac6,4,1e4a7808-62e1-4dcf-a683-9d289dc58b11-52779cd2,"2026-07-13 06:47:34.605483+00","2026-07-13 06:47:34.286+00"
432e7f39-79d0-4ebb-8491-ef9b5e74d61e,3,1e4a7808-62e1-4dcf-a683-9d289dc58b11-52779cd2,"2026-07-13 06:48:11.861154+00","2026-07-13 06:48:11.548+00"
6581809e-142f-47a9-9d30-c634d831457e,4,1e4a7808-62e1-4dcf-a683-9d289dc58b11-52779cd2,"2026-07-13 06:48:44.846785+00","2026-07-13 06:48:44.561+00"
12ec54f4-6e92-49de-a09f-b4d664693c0b,2,1e4a7808-62e1-4dcf-a683-9d289dc58b11-52779cd2,"2026-07-13 06:49:32.971714+00","2026-07-13 06:49:32.594+00"
25bb7568-24a7-4480-b560-faf1f708da8b,3,1e4a7808-62e1-4dcf-a683-9d289dc58b11-52779cd2,"2026-07-13 06:50:08.899412+00","2026-07-13 06:50:08.411+00"
97e06740-d382-41e5-ad60-522067b74ece,4,1e4a7808-62e1-4dcf-a683-9d289dc58b11-52779cd2,"2026-07-13 06:50:41.763563+00","2026-07-13 06:50:41.27+00"
7954ad19-5867-4d52-b696-d5de77edc201,2,7024c933-de2e-4db7-80bd-06af7064369f-2d489b08,"2026-07-13 08:46:20.728659+00","2026-07-13 08:46:20.199+00"
c07c7b8a-32c1-4c26-acb2-583e8bc592d7,4,7024c933-de2e-4db7-80bd-06af7064369f-2d489b08,"2026-07-13 08:46:42.621282+00","2026-07-13 08:46:42.202+00"
0b05b4fd-427f-4eb2-9ca4-a6cfbb4d9079,3,30b7174f-34be-48d4-b461-8cf5a397c49d-2d489b08,"2026-07-14 11:53:12.373519+00","2026-07-14 11:53:11.848+00"
9a9ea6d7-8261-417f-aeb2-f3c9a36c8abc,3,30b7174f-34be-48d4-b461-8cf5a397c49d-2d489b08,"2026-07-17 09:23:54.305349+00","2026-07-17 09:23:53.772+00"
96293cd3-ef17-49a8-9fb6-9d5b55a0f697,2,30b7174f-34be-48d4-b461-8cf5a397c49d-2d489b08,"2026-07-17 09:24:21.058608+00","2026-07-17 09:24:20.741+00"
893fc8b1-a0e5-4688-aff2-0de74085f19c,3,7024c933-de2e-4db7-80bd-06af7064369f-2d489b08,"2026-07-17 12:11:51.193319+00","2026-07-17 12:11:50.775+00"
3c92cf17-445d-4b2d-bda1-aab2c4c362b1,2,7024c933-de2e-4db7-80bd-06af7064369f-2d489b08,"2026-07-17 12:14:45.807213+00","2026-07-17 12:14:45.387+00"
793abd2d-e9af-425d-ad06-b5951838ad81,3,7024c933-de2e-4db7-80bd-06af7064369f-2d489b08,"2026-07-17 12:37:49.139231+00","2026-07-17 12:37:48.673+00"
26b847ae-f6a3-45d0-b274-cdcd85e2a545,2,7024c933-de2e-4db7-80bd-06af7064369f-2d489b08,"2026-07-18 17:09:20.840958+00","2026-07-18 17:09:20.241+00"
7ba92acd-93c5-4e0d-b073-b5e29564e26d,2,7024c933-de2e-4db7-80bd-06af7064369f-2d489b08,"2026-07-18 17:09:52.743583+00","2026-07-18 17:09:52.28+00"
456e2a8d-169a-4559-809e-ebadb19b90f6,2,7024c933-de2e-4db7-80bd-06af7064369f-2d489b08,"2026-07-18 17:20:42.914651+00","2026-07-18 17:20:42.291+00"
38eba19c-c85c-4f30-9600-d5bc04d051dc,1,6c4a0296-5696-45cb-8cfb-cbca9ff50472-31731f98,"2026-07-19 10:46:22.620927+00","2026-07-19 10:46:22.008+00"
5fc6d6d3-993c-413f-819e-7976db3d992e,2,fbccb208-29f4-4730-aa54-8d18b22ae195-63225ba8,"2026-07-19 10:49:24.725678+00","2026-07-19 10:49:24.393+00"
806a9a50-d731-49e9-8f06-1c751d18cdf5,2,fbccb208-29f4-4730-aa54-8d18b22ae195-63225ba8,"2026-07-19 10:49:41.609345+00","2026-07-19 10:49:41.315+00"
b93284a7-27e6-469c-adac-028cfe89e782,1,1e4a7808-62e1-4dcf-a683-9d289dc58b11-52779cd2,"2026-07-20 08:57:44.876958+00","2026-07-20 08:57:44.222+00"
8b39cd27-feeb-4b42-84f2-0b1f024ba075,2,b7ffb447-6b7c-4f85-98dd-0eecd9ec6ccf-52779cd2,"2026-07-20 08:58:25.75221+00","2026-07-20 08:58:25.249+00"
ea1ece5f-3e8e-406e-bb10-5cad11a4514f,3,b7ffb447-6b7c-4f85-98dd-0eecd9ec6ccf-52779cd2,"2026-07-20 08:58:43.554723+00","2026-07-20 08:58:43.098+00"
9e1ee229-a47e-4ad4-a507-fa960bc7fbf9,2,1e4a7808-62e1-4dcf-a683-9d289dc58b11-52779cd2,"2026-07-20 08:58:51.113928+00","2026-07-20 08:58:50.634+00"
9da0c8a3-c181-43af-8089-d349e4b5c0cd,1,b7ffb447-6b7c-4f85-98dd-0eecd9ec6ccf-52779cd2,"2026-07-20 08:59:07.52221+00","2026-07-20 08:59:06.979+00"
854f86a7-e0b4-4733-af16-a2bb39e6405e,1,1e4a7808-62e1-4dcf-a683-9d289dc58b11-52779cd2,"2026-07-20 08:59:18.928559+00","2026-07-20 08:59:18.498+00"
42c22e2f-2bb1-4249-8854-06a8e8487da5,2,2912e97c-d10e-42af-9eb3-bc8f5159f8bc-717b0402,"2026-07-21 08:17:56.555015+00","2026-07-21 08:17:55.994+00"
2ace494b-b7fe-404d-af48-39b63a2c4543,2,2912e97c-d10e-42af-9eb3-bc8f5159f8bc-717b0402,"2026-07-21 08:18:13.263346+00","2026-07-21 08:18:12.976+00"
be8fba6c-bfcd-4ba4-bbb8-37b381ae23e1,2,2912e97c-d10e-42af-9eb3-bc8f5159f8bc-717b0402,"2026-07-21 08:18:30.083283+00","2026-07-21 08:18:29.791+00"
7901189d-73dd-4a91-8cda-4cad8d94552a,2,2912e97c-d10e-42af-9eb3-bc8f5159f8bc-717b0402,"2026-07-22 08:05:39.206153+00","2026-07-22 08:05:38.82+00"
ebba37cf-0ef9-4611-866c-f28769383c6c,2,2912e97c-d10e-42af-9eb3-bc8f5159f8bc-717b0402,"2026-07-22 08:05:55.812979+00","2026-07-22 08:05:55.608+00"
bf060af9-ba6c-4c31-96cc-03e8a337910a,2,2912e97c-d10e-42af-9eb3-bc8f5159f8bc-717b0402,"2026-07-22 08:06:13.010153+00","2026-07-22 08:06:12.773+00"
b613d0b6-eeb7-4467-ab7f-b6442015154a,2,2912e97c-d10e-42af-9eb3-bc8f5159f8bc-717b0402,"2026-07-27 08:11:27.533508+00","2026-07-27 08:11:26.987+00"
b5a7a4ff-a249-4d47-a62b-e2efea0276ce,2,2912e97c-d10e-42af-9eb3-bc8f5159f8bc-717b0402,"2026-07-27 08:11:44.757438+00","2026-07-27 08:11:44.519+00"
7c51edac-2ae6-45c0-a92d-2da96f5568dc,2,2912e97c-d10e-42af-9eb3-bc8f5159f8bc-717b0402,"2026-07-27 08:12:02.336126+00","2026-07-27 08:12:02.058+00"
18bfb752-14b2-4ff5-9383-0338fa7f8da3,2,2912e97c-d10e-42af-9eb3-bc8f5159f8bc-717b0402,"2026-07-28 11:31:05.502168+00","2026-07-28 11:31:05.084+00"
2c79d2ac-bd08-406f-8017-f9c028e847e7,1,2912e97c-d10e-42af-9eb3-bc8f5159f8bc-717b0402,"2026-07-28 11:33:25.816536+00","2026-07-28 11:33:25.445+00"
1d55d031-0c8e-4671-a471-c512ad5fb9f3,2,2912e97c-d10e-42af-9eb3-bc8f5159f8bc-717b0402,"2026-07-29 05:54:12.719363+00","2026-07-29 05:54:12.341+00"
3462791d-a2a7-45ac-97d0-1281af7031fa,2,2912e97c-d10e-42af-9eb3-bc8f5159f8bc-717b0402,"2026-07-29 05:55:24.323657+00","2026-07-29 05:55:24.069+00"
efa36906-5def-44b0-82bd-7f583114edcb,2,2912e97c-d10e-42af-9eb3-bc8f5159f8bc-717b0402,"2026-07-29 05:55:56.18007+00","2026-07-29 05:55:55.644+00"
76a91da2-b097-483d-abea-f0cb62cb6324,2,2912e97c-d10e-42af-9eb3-bc8f5159f8bc-717b0402,"2026-07-31 09:44:09.332858+00","2026-07-31 09:44:08.887+00"
e34d57d2-9de3-439b-946d-b20cc78089bd,2,2912e97c-d10e-42af-9eb3-bc8f5159f8bc-717b0402,"2026-08-05 08:33:34.61824+00","2026-08-05 08:33:34.176+00"
1782beab-ca0e-4c64-af54-6f4b9fbe7287,2,2912e97c-d10e-42af-9eb3-bc8f5159f8bc-717b0402,"2026-08-05 08:33:50.661164+00","2026-08-05 08:33:50.424+00"
4e822c2a-9f7f-4cad-abbb-5dcb0d03ff32,2,2912e97c-d10e-42af-9eb3-bc8f5159f8bc-717b0402,"2026-08-05 08:34:06.904174+00","2026-08-05 08:34:06.624+00"
6bf35714-837c-4f43-a434-2b22639f649b,2,2912e97c-d10e-42af-9eb3-bc8f5159f8bc-717b0402,"2026-08-06 09:46:37.448481+00","2026-08-06 09:46:36.947+00"
105cb4fa-7cae-4c8f-adb2-a5fbb46e61fb,2,2912e97c-d10e-42af-9eb3-bc8f5159f8bc-717b0402,"2026-08-06 09:46:54.171385+00","2026-08-06 09:46:53.922+00"
236729ec-43d9-4bcd-a3e3-96032b458976,2,2912e97c-d10e-42af-9eb3-bc8f5159f8bc-717b0402,"2026-08-06 09:47:11.377235+00","2026-08-06 09:47:11.171+00"
02eb821e-1b76-4196-b244-976e8e19954b,2,2912e97c-d10e-42af-9eb3-bc8f5159f8bc-717b0402,"2026-08-07 08:00:30.244638+00","2026-08-07 08:00:29.737+00"
8b7d3459-b1c6-46be-8afb-4dd64c10a009,2,2912e97c-d10e-42af-9eb3-bc8f5159f8bc-717b0402,"2026-08-07 08:01:45.792074+00","2026-08-07 08:01:45.224+00"
3094af04-40d5-464e-9017-7120c383032f,2,7024c933-de2e-4db7-80bd-06af7064369f-2d489b08,"2026-08-09 18:41:03.712278+00","2026-08-09 18:41:03.235+00"
47344d7d-290c-409f-a9ba-25358390a465,2,7024c933-de2e-4db7-80bd-06af7064369f-2d489b08,"2026-08-09 18:41:05.287227+00","2026-08-09 18:41:05.063+00"
3a1782e7-fbd0-4731-b247-25f29e5ea51c,3,7024c933-de2e-4db7-80bd-06af7064369f-2d489b08,"2026-08-09 20:32:33.439443+00","2026-08-09 20:32:32.96+00"
9d51886f-dc7d-4d9b-a7a6-f45a0159c171,2,2912e97c-d10e-42af-9eb3-bc8f5159f8bc-717b0402,"2026-08-11 09:00:20.686223+00","2026-08-11 09:00:20.102+00"
1628c6e9-2986-41c2-a330-59c2ddffc129,2,2912e97c-d10e-42af-9eb3-bc8f5159f8bc-717b0402,"2026-08-11 09:00:36.95778+00","2026-08-11 09:00:36.636+00"
441b8c8d-2e20-4558-b338-0a79a62a6863,2,2912e97c-d10e-42af-9eb3-bc8f5159f8bc-717b0402,"2026-08-11 09:00:53.308276+00","2026-08-11 09:00:52.942+00"
0758079f-4e5c-461f-8e4c-c776c28529af,2,2912e97c-d10e-42af-9eb3-bc8f5159f8bc-717b0402,"2026-08-12 07:31:08.847606+00","2026-08-12 07:31:08.463+00"
84d9775a-35f2-4cd7-84c0-9fb55f444e67,2,2912e97c-d10e-42af-9eb3-bc8f5159f8bc-717b0402,"2026-08-12 09:19:25.48657+00","2026-08-12 09:19:25.152+00"
3996fa37-a3f0-42c5-b877-7c37e15b1b34,2,2912e97c-d10e-42af-9eb3-bc8f5159f8bc-717b0402,"2026-08-12 09:28:48.267282+00","2026-08-12 09:28:47.255+00"
726235db-531a-45e3-8bfd-f3bfd033ca48,2,2912e97c-d10e-42af-9eb3-bc8f5159f8bc-717b0402,"2026-08-13 08:52:42.560691+00","2026-08-13 08:52:41.969+00"
827ecd2f-a535-48aa-930c-1c3d451c57a1,2,2912e97c-d10e-42af-9eb3-bc8f5159f8bc-717b0402,"2026-08-13 08:53:00.509897+00","2026-08-13 08:53:00.313+00"
ce3d4a29-6d67-4cf1-87c8-01b574ef2491,2,2912e97c-d10e-42af-9eb3-bc8f5159f8bc-717b0402,"2026-08-13 08:53:20.42022+00","2026-08-13 08:53:20.22+00"
319af53f-a32b-408d-8abc-a53711e8a7f5,2,2912e97c-d10e-42af-9eb3-bc8f5159f8bc-717b0402,"2026-08-13 08:57:56.725863+00","2026-08-13 08:57:56.022+00"
b87b50bf-68a9-4a95-852c-d7d8cec1fe62,2,2912e97c-d10e-42af-9eb3-bc8f5159f8bc-717b0402,"2026-08-17 06:59:56.256641+00","2026-08-17 06:59:55.803+00"
e5ccd0e5-91d8-41ad-baa1-36699aca1ff3,2,2912e97c-d10e-42af-9eb3-bc8f5159f8bc-717b0402,"2026-08-17 07:00:14.346427+00","2026-08-17 07:00:13.983+00"
5c59fb14-13a4-4487-ba49-240c6ec272b9,2,2912e97c-d10e-42af-9eb3-bc8f5159f8bc-717b0402,"2026-08-17 07:03:16.689445+00","2026-08-17 07:03:15.596+00"
1440eae2-6271-4f0d-8ce2-13bae14e0506,2,2912e97c-d10e-42af-9eb3-bc8f5159f8bc-717b0402,"2026-08-18 12:42:10.089511+00","2026-08-18 12:42:09.683+00"
bef68be2-9b99-4b52-ae63-0675e18086c2,2,fbccb208-29f4-4730-aa54-8d18b22ae195-63225ba8,"2026-08-20 19:52:03.5693+00","2026-08-20 19:52:03.162+00"
bf60b787-1b5f-41bf-a3fe-db90df9f36be,1,fbccb208-29f4-4730-aa54-8d18b22ae195-63225ba8,"2026-08-20 19:52:20.424575+00","2026-08-20 19:52:20.113+00"
83ea83be-8c64-49dc-bc81-24c44e4bbd53,1,1e4a7808-62e1-4dcf-a683-9d289dc58b11-52779cd2,"2026-08-21 09:53:36.996423+00","2026-08-21 09:53:36.476+00"
cb40b085-651c-4db3-93a8-dc00d8151776,2,fbccb208-29f4-4730-aa54-8d18b22ae195-63225ba8,"2026-08-24 18:00:47.670126+00","2026-08-24 18:00:47.333+00"